stem,query_id,regime,specificity,polarity,correct_in_n_runs,decision_unanimous,matched_set_identical,sets
NS-LAT-SLAV-32-001,NS-LAT-SLAV-32-001,ns,3-2,negative,3,True,True,- | - | -
NS-LAT-SLAV-32-002,NS-LAT-SLAV-32-002,ns,3-2,negative,3,True,True,- | - | -
NS-LAT-SLAV-32-003,NS-LAT-SLAV-32-003,ns,3-2,negative,3,True,True,- | - | -
NS-LAT-SLAV-32-004,NS-LAT-SLAV-32-004,ns,3-2,negative,3,True,True,- | - | -
NS-LAT-SLAV-32-005,NS-LAT-SLAV-32-005,ns,3-2,negative,3,True,True,- | - | -
NS-LAT-SLAV-32-006,NS-LAT-SLAV-32-006,ns,3-2,negative,3,True,True,- | - | -
NS-LAT-SLAV-32-007,NS-LAT-SLAV-32-007,ns,3-2,negative,3,True,True,- | - | -
NS-LAT-SLAV-32-008,NS-LAT-SLAV-32-008,ns,3-2,negative,3,True,True,- | - | -
NS-LAT-SLAV-32-009,NS-LAT-SLAV-32-009,ns,3-2,negative,3,True,True,- | - | -
NS-LAT-SLAV-32-010,NS-LAT-SLAV-32-010,ns,3-2,negative,3,True,True,- | - | -
NS-LAT-SLAV-32-011,NS-LAT-SLAV-32-011,ns,3-2,negative,3,True,True,- | - | -
NS-LAT-SLAV-32-012,NS-LAT-SLAV-32-012,ns,3-2,negative,3,True,True,- | - | -
NS-LAT-SLAV-32-013,NS-LAT-SLAV-32-013,ns,3-2,negative,3,True,True,- | - | -
NS-LAT-SLAV-32-014,NS-LAT-SLAV-32-014,ns,3-2,negative,3,True,True,- | - | -
NS-LAT-SLAV-32-015,NS-LAT-SLAV-32-015,ns,3-2,negative,3,True,True,- | - | -
NS-LAT-SLAV-32-016,NS-LAT-SLAV-32-016,ns,3-2,negative,3,True,True,- | - | -
NS-LAT-SLAV-32-017,NS-LAT-SLAV-32-017,ns,3-2,negative,3,True,True,- | - | -
NS-LAT-SLAV-32-018,NS-LAT-SLAV-32-018,ns,3-2,negative,3,True,True,- | - | -
NS-LAT-SLAV-32-019,NS-LAT-SLAV-32-019,ns,3-2,negative,3,True,True,- | - | -
NS-LAT-SLAV-32-020,NS-LAT-SLAV-32-020,ns,3-2,negative,3,True,True,- | - | -
NS-LAT-SLAV-32-021,NS-LAT-SLAV-32-021,ns,3-2,negative,3,True,True,- | - | -
NS-LAT-SLAV-32-022,NS-LAT-SLAV-32-022,ns,3-2,negative,3,True,True,- | - | -
NS-LAT-SLAV-32-023,NS-LAT-SLAV-32-023,ns,3-2,negative,3,True,True,- | - | -
NS-LAT-SLAV-32-024,NS-LAT-SLAV-32-024,ns,3-2,negative,3,True,True,- | - | -
NS-LAT-SLAV-32-025,NS-LAT-SLAV-32-025,ns,3-2,negative,3,True,True,- | - | -
NS-LAT-SLAV-32-026,NS-LAT-SLAV-32-026,ns,3-2,negative,3,True,True,- | - | -
NS-LAT-SLAV-32-027,NS-LAT-SLAV-32-027,ns,3-2,negative,3,True,True,- | - | -
NS-LAT-SLAV-32-028,NS-LAT-SLAV-32-028,ns,3-2,negative,3,True,True,- | - | -
NS-LAT-SLAV-32-029,NS-LAT-SLAV-32-029,ns,3-2,negative,3,True,True,- | - | -
NS-LAT-SLAV-32-030,NS-LAT-SLAV-32-030,ns,3-2,negative,3,True,True,- | - | -
NS-LAT-SLAV-32-031,NS-LAT-SLAV-32-031,ns,3-2,negative,3,True,True,- | - | -
NS-LAT-SLAV-32-032,NS-LAT-SLAV-32-032,ns,3-2,negative,3,True,True,- | - | -
NS-LAT-SLAV-32-033,NS-LAT-SLAV-32-033,ns,3-2,negative,3,True,True,- | - | -
NS-LAT-SLAV-32-034,NS-LAT-SLAV-32-034,ns,3-2,negative,3,True,True,- | - | -
NS-LAT-SLAV-32-035,NS-LAT-SLAV-32-035,ns,3-2,negative,3,True,True,- | - | -
NS-LAT-SLAV-32-036,NS-LAT-SLAV-32-036,ns,3-2,negative,3,True,True,- | - | -
NS-LAT-SLAV-32-037,NS-LAT-SLAV-32-037,ns,3-2,negative,3,True,True,- | - | -
NS-LAT-SLAV-32-038,NS-LAT-SLAV-32-038,ns,3-2,negative,3,True,True,- | - | -
NS-LAT-SLAV-32-039,NS-LAT-SLAV-32-039,ns,3-2,negative,3,True,True,- | - | -
NS-LAT-SLAV-32-040,NS-LAT-SLAV-32-040,ns,3-2,negative,3,True,True,- | - | -
NS-LAT-SLAV-32-041,NS-LAT-SLAV-32-041,ns,3-2,negative,3,True,True,- | - | -
NS-LAT-SLAV-32-042,NS-LAT-SLAV-32-042,ns,3-2,negative,3,True,True,- | - | -
NS-LAT-SLAV-32-043,NS-LAT-SLAV-32-043,ns,3-2,negative,3,True,True,- | - | -
NS-LAT-SLAV-32-044,NS-LAT-SLAV-32-044,ns,3-2,negative,3,True,True,- | - | -
NS-LAT-SLAV-32-045,NS-LAT-SLAV-32-045,ns,3-2,negative,3,True,True,- | - | -
NS-LAT-SLAV-32-046,NS-LAT-SLAV-32-046,ns,3-2,negative,3,True,True,- | - | -
NS-LAT-SLAV-32-047,NS-LAT-SLAV-32-047,ns,3-2,negative,3,True,True,- | - | -
NS-LAT-SLAV-32-048,NS-LAT-SLAV-32-048,ns,3-2,negative,3,True,True,- | - | -
NS-LAT-SLAV-32-049,NS-LAT-SLAV-32-049,ns,3-2,negative,3,True,True,- | - | -
NS-LAT-SLAV-32-050,NS-LAT-SLAV-32-050,ns,3-2,negative,3,True,True,- | - | -
NS-LAT-SLAV-32-051,NS-LAT-SLAV-32-051,ns,3-2,negative,3,True,True,- | - | -
NS-LAT-SLAV-32-052,NS-LAT-SLAV-32-052,ns,3-2,negative,3,True,True,- | - | -
NS-LAT-SLAV-32-053,NS-LAT-SLAV-32-053,ns,3-2,negative,3,True,True,- | - | -
NS-LAT-SLAV-32-054,NS-LAT-SLAV-32-054,ns,3-2,negative,3,True,True,- | - | -
NS-LAT-SLAV-32-055,NS-LAT-SLAV-32-055,ns,3-2,negative,3,True,True,- | - | -
NS-LAT-SLAV-32-056,NS-LAT-SLAV-32-056,ns,3-2,negative,3,True,True,- | - | -
NS-LAT-SLAV-32-057,NS-LAT-SLAV-32-057,ns,3-2,negative,3,True,True,- | - | -
NS-LAT-SLAV-32-058,NS-LAT-SLAV-32-058,ns,3-2,negative,3,True,True,- | - | -
NS-LAT-SLAV-32-059,NS-LAT-SLAV-32-059,ns,3-2,negative,3,True,True,- | - | -
NS-LAT-SLAV-32-060,NS-LAT-SLAV-32-060,ns,3-2,negative,3,True,True,- | - | -
NS-LAT-SLAV-32-061,NS-LAT-SLAV-32-061,ns,3-2,negative,3,True,True,- | - | -
NS-LAT-SLAV-32-062,NS-LAT-SLAV-32-062,ns,3-2,negative,3,True,True,- | - | -
NS-LAT-SLAV-32-063,NS-LAT-SLAV-32-063,ns,3-2,negative,3,True,True,- | - | -
NS-LAT-SLAV-32-064,NS-LAT-SLAV-32-064,ns,3-2,negative,3,True,True,- | - | -
NS-LAT-SLAV-32-065,NS-LAT-SLAV-32-065,ns,3-2,negative,3,True,True,- | - | -
NS-LAT-SLAV-32-066,NS-LAT-SLAV-32-066,ns,3-2,negative,3,True,True,- | - | -
NS-LAT-SLAV-32-067,NS-LAT-SLAV-32-067,ns,3-2,negative,3,True,True,- | - | -
NS-LAT-SLAV-32-068,NS-LAT-SLAV-32-068,ns,3-2,negative,3,True,True,- | - | -
NS-LAT-SLAV-32-069,NS-LAT-SLAV-32-069,ns,3-2,negative,3,True,True,- | - | -
NS-LAT-SLAV-32-070,NS-LAT-SLAV-32-070,ns,3-2,negative,3,True,True,- | - | -
NS-LAT-SLAV-32-071,NS-LAT-SLAV-32-071,ns,3-2,negative,3,True,True,- | - | -
NS-LAT-SLAV-32-072,NS-LAT-SLAV-32-072,ns,3-2,negative,3,True,True,- | - | -
NS-LAT-SLAV-32-073,NS-LAT-SLAV-32-073,ns,3-2,negative,3,True,True,- | - | -
NS-LAT-SLAV-32-074,NS-LAT-SLAV-32-074,ns,3-2,negative,3,True,True,- | - | -
NS-LAT-SLAV-32-075,NS-LAT-SLAV-32-075,ns,3-2,negative,3,True,True,- | - | -
NS-LAT-SLAV-32-076,NS-LAT-SLAV-32-076,ns,3-2,negative,3,True,True,- | - | -
NS-LAT-SLAV-32-077,NS-LAT-SLAV-32-077,ns,3-2,negative,3,True,True,- | - | -
NS-LAT-SLAV-32-078,NS-LAT-SLAV-32-078,ns,3-2,negative,3,True,True,- | - | -
NS-LAT-SLAV-32-079,NS-LAT-SLAV-32-079,ns,3-2,negative,3,True,True,- | - | -
NS-LAT-SLAV-32-080,NS-LAT-SLAV-32-080,ns,3-2,negative,3,True,True,- | - | -
NS-LAT-SLAV-32-081,NS-LAT-SLAV-32-081,ns,3-2,negative,3,True,True,- | - | -
NS-LAT-SLAV-32-082,NS-LAT-SLAV-32-082,ns,3-2,negative,3,True,True,- | - | -
NS-LAT-SLAV-32-083,NS-LAT-SLAV-32-083,ns,3-2,negative,3,True,True,- | - | -
NS-LAT-SLAV-32-084,NS-LAT-SLAV-32-084,ns,3-2,negative,3,True,True,- | - | -
NS-LAT-SLAV-32-085,NS-LAT-SLAV-32-085,ns,3-2,negative,3,True,True,- | - | -
NS-LAT-SLAV-32-086,NS-LAT-SLAV-32-086,ns,3-2,negative,3,True,True,- | - | -
NS-LAT-SLAV-32-087,NS-LAT-SLAV-32-087,ns,3-2,negative,3,True,True,- | - | -
NS-LAT-SLAV-32-088,NS-LAT-SLAV-32-088,ns,3-2,negative,3,True,True,- | - | -
NS-LAT-SLAV-32-089,NS-LAT-SLAV-32-089,ns,3-2,negative,3,True,True,- | - | -
NS-LAT-SLAV-32-090,NS-LAT-SLAV-32-090,ns,3-2,negative,3,True,True,- | - | -
NS-LAT-SLAV-32-091,NS-LAT-SLAV-32-091,ns,3-2,negative,3,True,True,- | - | -
NS-LAT-SLAV-32-092,NS-LAT-SLAV-32-092,ns,3-2,negative,3,True,True,- | - | -
NS-LAT-SLAV-32-093,NS-LAT-SLAV-32-093,ns,3-2,negative,3,True,True,- | - | -
NS-LAT-SLAV-32-094,NS-LAT-SLAV-32-094,ns,3-2,negative,3,True,True,- | - | -
NS-LAT-SLAV-32-095,NS-LAT-SLAV-32-095,ns,3-2,negative,3,True,True,- | - | -
NS-LAT-SLAV-32-096,NS-LAT-SLAV-32-096,ns,3-2,negative,3,True,True,- | - | -
NS-LAT-SLAV-32-097,NS-LAT-SLAV-32-097,ns,3-2,negative,3,True,True,- | - | -
NS-LAT-SLAV-32-098,NS-LAT-SLAV-32-098,ns,3-2,negative,3,True,True,- | - | -
NS-LAT-SLAV-32-099,NS-LAT-SLAV-32-099,ns,3-2,negative,3,True,True,- | - | -
NS-LAT-SLAV-32-100,NS-LAT-SLAV-32-100,ns,3-2,negative,3,True,True,- | - | -
NS-LAT-SLAV-32-101,NS-LAT-SLAV-32-101,ns,3-2,negative,3,True,True,- | - | -
NS-LAT-SLAV-32-102,NS-LAT-SLAV-32-102,ns,3-2,negative,3,True,True,- | - | -
NS-LAT-SLAV-32-103,NS-LAT-SLAV-32-103,ns,3-2,negative,3,True,True,- | - | -
NS-LAT-SLAV-32-104,NS-LAT-SLAV-32-104,ns,3-2,negative,3,True,True,- | - | -
NS-LAT-SLAV-32-105,NS-LAT-SLAV-32-105,ns,3-2,negative,3,True,True,- | - | -
NS-LAT-SLAV-32-106,NS-LAT-SLAV-32-106,ns,3-2,negative,3,True,True,- | - | -
NS-LAT-SLAV-32-107,NS-LAT-SLAV-32-107,ns,3-2,negative,3,True,True,- | - | -
NS-LAT-SLAV-32-108,NS-LAT-SLAV-32-108,ns,3-2,negative,3,True,True,- | - | -
NS-LAT-SLAV-32-109,NS-LAT-SLAV-32-109,ns,3-2,negative,3,True,True,- | - | -
NS-LAT-SLAV-32-110,NS-LAT-SLAV-32-110,ns,3-2,negative,3,True,True,- | - | -
NS-LAT-SLAV-32-111,NS-LAT-SLAV-32-111,ns,3-2,negative,3,True,True,- | - | -
NS-LAT-SLAV-32-112,NS-LAT-SLAV-32-112,ns,3-2,negative,3,True,True,- | - | -
NS-LAT-SLAV-32-113,NS-LAT-SLAV-32-113,ns,3-2,negative,3,True,True,- | - | -
NS-LAT-SLAV-32-114,NS-LAT-SLAV-32-114,ns,3-2,negative,3,True,True,- | - | -
NS-LAT-SLAV-32-115,NS-LAT-SLAV-32-115,ns,3-2,negative,3,True,True,- | - | -
NS-LAT-SLAV-32-116,NS-LAT-SLAV-32-116,ns,3-2,negative,3,True,True,- | - | -
NS-LAT-SLAV-32-117,NS-LAT-SLAV-32-117,ns,3-2,negative,3,True,True,- | - | -
NS-LAT-SLAV-32-118,NS-LAT-SLAV-32-118,ns,3-2,negative,3,True,True,- | - | -
NS-LAT-SLAV-32-119,NS-LAT-SLAV-32-119,ns,3-2,negative,3,True,True,- | - | -
NS-LAT-SLAV-32-120,NS-LAT-SLAV-32-120,ns,3-2,negative,3,True,True,- | - | -
NS-LAT-SLAV-32-121,NS-LAT-SLAV-32-121,ns,3-2,negative,3,True,True,- | - | -
NS-LAT-SLAV-32-122,NS-LAT-SLAV-32-122,ns,3-2,negative,3,True,True,- | - | -
NS-LAT-SLAV-32-123,NS-LAT-SLAV-32-123,ns,3-2,negative,3,True,True,- | - | -
NS-LAT-SLAV-32-124,NS-LAT-SLAV-32-124,ns,3-2,negative,3,True,True,- | - | -
NS-LAT-SLAV-32-125,NS-LAT-SLAV-32-125,ns,3-2,negative,3,True,True,- | - | -
NS-LAT-SLAV-32-126,NS-LAT-SLAV-32-126,ns,3-2,negative,3,True,True,- | - | -
NS-LAT-SLAV-32-127,NS-LAT-SLAV-32-127,ns,3-2,negative,3,True,True,- | - | -
NS-LAT-SLAV-32-128,NS-LAT-SLAV-32-128,ns,3-2,negative,3,True,True,- | - | -
NS-LAT-SLAV-32-129,NS-LAT-SLAV-32-129,ns,3-2,negative,3,True,True,- | - | -
NS-LAT-SLAV-32-130,NS-LAT-SLAV-32-130,ns,3-2,negative,3,True,True,- | - | -
NS-LAT-SLAV-32-131,NS-LAT-SLAV-32-131,ns,3-2,negative,3,True,True,- | - | -
NS-LAT-SLAV-32-132,NS-LAT-SLAV-32-132,ns,3-2,negative,3,True,True,- | - | -
NS-LAT-SLAV-32-133,NS-LAT-SLAV-32-133,ns,3-2,negative,3,True,True,- | - | -
NS-LAT-SLAV-32-134,NS-LAT-SLAV-32-134,ns,3-2,negative,3,True,True,- | - | -
NS-LAT-SLAV-32-135,NS-LAT-SLAV-32-135,ns,3-2,negative,3,True,True,- | - | -
NS-LAT-SLAV-32-136,NS-LAT-SLAV-32-136,ns,3-2,negative,3,True,True,- | - | -
NS-LAT-SLAV-32-137,NS-LAT-SLAV-32-137,ns,3-2,negative,3,True,True,- | - | -
NS-LAT-SLAV-32-138,NS-LAT-SLAV-32-138,ns,3-2,negative,3,True,True,- | - | -
NS-LAT-SLAV-32-139,NS-LAT-SLAV-32-139,ns,3-2,negative,3,True,True,- | - | -
NS-LAT-SLAV-32-140,NS-LAT-SLAV-32-140,ns,3-2,negative,3,True,True,- | - | -
NS-LAT-SLAV-32-141,NS-LAT-SLAV-32-141,ns,3-2,negative,3,True,True,- | - | -
NS-LAT-SLAV-32-142,NS-LAT-SLAV-32-142,ns,3-2,negative,3,True,True,- | - | -
NS-LAT-SLAV-32-143,NS-LAT-SLAV-32-143,ns,3-2,negative,3,True,True,- | - | -
NS-LAT-SLAV-32-144,NS-LAT-SLAV-32-144,ns,3-2,negative,3,True,True,- | - | -
NS-LAT-SLAV-32-145,NS-LAT-SLAV-32-145,ns,3-2,negative,3,True,True,- | - | -
NS-LAT-SLAV-32-146,NS-LAT-SLAV-32-146,ns,3-2,negative,3,True,True,- | - | -
NS-LAT-SLAV-32-147,NS-LAT-SLAV-32-147,ns,3-2,negative,3,True,True,- | - | -
NS-LAT-SLAV-32-148,NS-LAT-SLAV-32-148,ns,3-2,negative,3,True,True,- | - | -
NS-LAT-SLAV-32-149,NS-LAT-SLAV-32-149,ns,3-2,negative,3,True,True,- | - | -
NS-LAT-SLAV-32-150,NS-LAT-SLAV-32-150,ns,3-2,negative,3,True,True,- | - | -
NS-LAT-SLAV-33-001,NS-LAT-SLAV-33-001,ns,3-3,negative,3,True,True,- | - | -
NS-LAT-SLAV-33-002,NS-LAT-SLAV-33-002,ns,3-3,negative,3,True,True,- | - | -
NS-LAT-SLAV-33-003,NS-LAT-SLAV-33-003,ns,3-3,negative,3,True,True,- | - | -
NS-LAT-SLAV-33-004,NS-LAT-SLAV-33-004,ns,3-3,negative,3,True,True,- | - | -
NS-LAT-SLAV-33-005,NS-LAT-SLAV-33-005,ns,3-3,negative,3,True,True,- | - | -
NS-LAT-SLAV-33-006,NS-LAT-SLAV-33-006,ns,3-3,negative,3,True,True,- | - | -
NS-LAT-SLAV-33-007,NS-LAT-SLAV-33-007,ns,3-3,negative,3,True,True,- | - | -
NS-LAT-SLAV-33-008,NS-LAT-SLAV-33-008,ns,3-3,negative,3,True,True,- | - | -
NS-LAT-SLAV-33-009,NS-LAT-SLAV-33-009,ns,3-3,negative,3,True,True,- | - | -
NS-LAT-SLAV-33-010,NS-LAT-SLAV-33-010,ns,3-3,negative,3,True,True,- | - | -
NS-LAT-SLAV-33-011,NS-LAT-SLAV-33-011,ns,3-3,negative,3,True,True,- | - | -
NS-LAT-SLAV-33-012,NS-LAT-SLAV-33-012,ns,3-3,negative,3,True,True,- | - | -
NS-LAT-SLAV-33-013,NS-LAT-SLAV-33-013,ns,3-3,negative,3,True,True,- | - | -
NS-LAT-SLAV-33-014,NS-LAT-SLAV-33-014,ns,3-3,negative,3,True,True,- | - | -
NS-LAT-SLAV-33-015,NS-LAT-SLAV-33-015,ns,3-3,negative,3,True,True,- | - | -
NS-LAT-SLAV-33-016,NS-LAT-SLAV-33-016,ns,3-3,negative,3,True,True,- | - | -
NS-LAT-SLAV-33-017,NS-LAT-SLAV-33-017,ns,3-3,negative,3,True,True,- | - | -
NS-LAT-SLAV-33-018,NS-LAT-SLAV-33-018,ns,3-3,negative,3,True,True,- | - | -
NS-LAT-SLAV-33-019,NS-LAT-SLAV-33-019,ns,3-3,negative,3,True,True,- | - | -
NS-LAT-SLAV-33-020,NS-LAT-SLAV-33-020,ns,3-3,negative,3,True,True,- | - | -
NS-LAT-SLAV-33-021,NS-LAT-SLAV-33-021,ns,3-3,negative,3,True,True,- | - | -
NS-LAT-SLAV-33-022,NS-LAT-SLAV-33-022,ns,3-3,negative,3,True,True,- | - | -
NS-LAT-SLAV-33-023,NS-LAT-SLAV-33-023,ns,3-3,negative,3,True,True,- | - | -
NS-LAT-SLAV-33-024,NS-LAT-SLAV-33-024,ns,3-3,negative,3,True,True,- | - | -
NS-LAT-SLAV-33-025,NS-LAT-SLAV-33-025,ns,3-3,negative,3,True,True,- | - | -
NS-LAT-SLAV-33-026,NS-LAT-SLAV-33-026,ns,3-3,negative,3,True,True,- | - | -
NS-LAT-SLAV-33-027,NS-LAT-SLAV-33-027,ns,3-3,negative,3,True,True,- | - | -
NS-LAT-SLAV-33-028,NS-LAT-SLAV-33-028,ns,3-3,negative,3,True,True,- | - | -
NS-LAT-SLAV-33-029,NS-LAT-SLAV-33-029,ns,3-3,negative,3,True,True,- | - | -
NS-LAT-SLAV-33-030,NS-LAT-SLAV-33-030,ns,3-3,negative,3,True,True,- | - | -
NS-LAT-SLAV-33-031,NS-LAT-SLAV-33-031,ns,3-3,negative,3,True,True,- | - | -
NS-LAT-SLAV-33-032,NS-LAT-SLAV-33-032,ns,3-3,negative,3,True,True,- | - | -
NS-LAT-SLAV-33-033,NS-LAT-SLAV-33-033,ns,3-3,negative,3,True,True,- | - | -
NS-LAT-SLAV-33-034,NS-LAT-SLAV-33-034,ns,3-3,negative,3,True,True,- | - | -
NS-LAT-SLAV-33-035,NS-LAT-SLAV-33-035,ns,3-3,negative,3,True,True,- | - | -
NS-LAT-SLAV-33-036,NS-LAT-SLAV-33-036,ns,3-3,negative,3,True,True,- | - | -
NS-LAT-SLAV-33-037,NS-LAT-SLAV-33-037,ns,3-3,negative,3,True,True,- | - | -
NS-LAT-SLAV-33-038,NS-LAT-SLAV-33-038,ns,3-3,negative,3,True,True,- | - | -
NS-LAT-SLAV-33-039,NS-LAT-SLAV-33-039,ns,3-3,negative,3,True,True,- | - | -
NS-LAT-SLAV-33-040,NS-LAT-SLAV-33-040,ns,3-3,negative,3,True,True,- | - | -
NS-LAT-SLAV-33-041,NS-LAT-SLAV-33-041,ns,3-3,negative,3,True,True,- | - | -
NS-LAT-SLAV-33-042,NS-LAT-SLAV-33-042,ns,3-3,negative,3,True,True,- | - | -
NS-LAT-SLAV-33-043,NS-LAT-SLAV-33-043,ns,3-3,negative,3,True,True,- | - | -
NS-LAT-SLAV-33-044,NS-LAT-SLAV-33-044,ns,3-3,negative,3,True,True,- | - | -
NS-LAT-SLAV-33-045,NS-LAT-SLAV-33-045,ns,3-3,negative,3,True,True,- | - | -
NS-LAT-SLAV-33-046,NS-LAT-SLAV-33-046,ns,3-3,negative,3,True,True,- | - | -
NS-LAT-SLAV-33-047,NS-LAT-SLAV-33-047,ns,3-3,negative,3,True,True,- | - | -
NS-LAT-SLAV-33-048,NS-LAT-SLAV-33-048,ns,3-3,negative,3,True,True,- | - | -
NS-LAT-SLAV-33-049,NS-LAT-SLAV-33-049,ns,3-3,negative,3,True,True,- | - | -
NS-LAT-SLAV-33-050,NS-LAT-SLAV-33-050,ns,3-3,negative,3,True,True,- | - | -
NS-LAT-SLAV-33-051,NS-LAT-SLAV-33-051,ns,3-3,negative,3,True,True,- | - | -
NS-LAT-SLAV-33-052,NS-LAT-SLAV-33-052,ns,3-3,negative,3,True,True,- | - | -
NS-LAT-SLAV-33-053,NS-LAT-SLAV-33-053,ns,3-3,negative,3,True,True,- | - | -
NS-LAT-SLAV-33-054,NS-LAT-SLAV-33-054,ns,3-3,negative,3,True,True,- | - | -
NS-LAT-SLAV-33-055,NS-LAT-SLAV-33-055,ns,3-3,negative,3,True,True,- | - | -
NS-LAT-SLAV-33-056,NS-LAT-SLAV-33-056,ns,3-3,negative,3,True,True,- | - | -
NS-LAT-SLAV-33-057,NS-LAT-SLAV-33-057,ns,3-3,negative,3,True,True,- | - | -
NS-LAT-SLAV-33-058,NS-LAT-SLAV-33-058,ns,3-3,negative,3,True,True,- | - | -
NS-LAT-SLAV-33-059,NS-LAT-SLAV-33-059,ns,3-3,negative,3,True,True,- | - | -
NS-LAT-SLAV-33-060,NS-LAT-SLAV-33-060,ns,3-3,negative,3,True,True,- | - | -
NS-LAT-SLAV-33-061,NS-LAT-SLAV-33-061,ns,3-3,negative,3,True,True,- | - | -
NS-LAT-SLAV-33-062,NS-LAT-SLAV-33-062,ns,3-3,negative,3,True,True,- | - | -
NS-LAT-SLAV-33-063,NS-LAT-SLAV-33-063,ns,3-3,negative,3,True,True,- | - | -
NS-LAT-SLAV-33-064,NS-LAT-SLAV-33-064,ns,3-3,negative,3,True,True,- | - | -
NS-LAT-SLAV-33-065,NS-LAT-SLAV-33-065,ns,3-3,negative,3,True,True,- | - | -
NS-LAT-SLAV-33-066,NS-LAT-SLAV-33-066,ns,3-3,negative,3,True,True,- | - | -
NS-LAT-SLAV-33-067,NS-LAT-SLAV-33-067,ns,3-3,negative,3,True,True,- | - | -
NS-LAT-SLAV-33-068,NS-LAT-SLAV-33-068,ns,3-3,negative,3,True,True,- | - | -
NS-LAT-SLAV-33-069,NS-LAT-SLAV-33-069,ns,3-3,negative,3,True,True,- | - | -
NS-LAT-SLAV-33-070,NS-LAT-SLAV-33-070,ns,3-3,negative,3,True,True,- | - | -
NS-LAT-SLAV-33-071,NS-LAT-SLAV-33-071,ns,3-3,negative,3,True,True,- | - | -
NS-LAT-SLAV-33-072,NS-LAT-SLAV-33-072,ns,3-3,negative,3,True,True,- | - | -
NS-LAT-SLAV-33-073,NS-LAT-SLAV-33-073,ns,3-3,negative,3,True,True,- | - | -
NS-LAT-SLAV-33-074,NS-LAT-SLAV-33-074,ns,3-3,negative,3,True,True,- | - | -
NS-LAT-SLAV-33-075,NS-LAT-SLAV-33-075,ns,3-3,negative,3,True,True,- | - | -
NS-LAT-SLAV-33-076,NS-LAT-SLAV-33-076,ns,3-3,negative,3,True,True,- | - | -
NS-LAT-SLAV-33-077,NS-LAT-SLAV-33-077,ns,3-3,negative,3,True,True,- | - | -
NS-LAT-SLAV-33-078,NS-LAT-SLAV-33-078,ns,3-3,negative,3,True,True,- | - | -
NS-LAT-SLAV-33-079,NS-LAT-SLAV-33-079,ns,3-3,negative,3,True,True,- | - | -
NS-LAT-SLAV-33-080,NS-LAT-SLAV-33-080,ns,3-3,negative,3,True,True,- | - | -
NS-LAT-SLAV-33-081,NS-LAT-SLAV-33-081,ns,3-3,negative,3,True,True,- | - | -
NS-LAT-SLAV-33-082,NS-LAT-SLAV-33-082,ns,3-3,negative,3,True,True,- | - | -
NS-LAT-SLAV-33-083,NS-LAT-SLAV-33-083,ns,3-3,negative,3,True,True,- | - | -
NS-LAT-SLAV-33-084,NS-LAT-SLAV-33-084,ns,3-3,negative,3,True,True,- | - | -
NS-LAT-SLAV-33-085,NS-LAT-SLAV-33-085,ns,3-3,negative,3,True,True,- | - | -
NS-LAT-SLAV-33-086,NS-LAT-SLAV-33-086,ns,3-3,negative,3,True,True,- | - | -
NS-LAT-SLAV-33-087,NS-LAT-SLAV-33-087,ns,3-3,negative,3,True,True,- | - | -
NS-LAT-SLAV-33-088,NS-LAT-SLAV-33-088,ns,3-3,negative,3,True,True,- | - | -
NS-LAT-SLAV-33-089,NS-LAT-SLAV-33-089,ns,3-3,negative,3,True,True,- | - | -
NS-LAT-SLAV-33-090,NS-LAT-SLAV-33-090,ns,3-3,negative,3,True,True,- | - | -
NS-LAT-SLAV-33-091,NS-LAT-SLAV-33-091,ns,3-3,negative,3,True,True,- | - | -
NS-LAT-SLAV-33-092,NS-LAT-SLAV-33-092,ns,3-3,negative,3,True,True,- | - | -
NS-LAT-SLAV-33-093,NS-LAT-SLAV-33-093,ns,3-3,negative,3,True,True,- | - | -
NS-LAT-SLAV-33-094,NS-LAT-SLAV-33-094,ns,3-3,negative,3,True,True,- | - | -
NS-LAT-SLAV-33-095,NS-LAT-SLAV-33-095,ns,3-3,negative,3,True,True,- | - | -
NS-LAT-SLAV-33-096,NS-LAT-SLAV-33-096,ns,3-3,negative,3,True,True,- | - | -
NS-LAT-SLAV-33-097,NS-LAT-SLAV-33-097,ns,3-3,negative,3,True,True,- | - | -
NS-LAT-SLAV-33-098,NS-LAT-SLAV-33-098,ns,3-3,negative,3,True,True,- | - | -
NS-LAT-SLAV-33-099,NS-LAT-SLAV-33-099,ns,3-3,negative,3,True,True,- | - | -
NS-LAT-SLAV-33-100,NS-LAT-SLAV-33-100,ns,3-3,negative,3,True,True,- | - | -
NS-LAT-SLAV-33-101,NS-LAT-SLAV-33-101,ns,3-3,negative,3,True,True,- | - | -
NS-LAT-SLAV-33-102,NS-LAT-SLAV-33-102,ns,3-3,negative,3,True,True,- | - | -
NS-LAT-SLAV-33-103,NS-LAT-SLAV-33-103,ns,3-3,negative,3,True,True,- | - | -
NS-LAT-SLAV-33-104,NS-LAT-SLAV-33-104,ns,3-3,negative,3,True,True,- | - | -
NS-LAT-SLAV-33-105,NS-LAT-SLAV-33-105,ns,3-3,negative,3,True,True,- | - | -
NS-LAT-SLAV-33-106,NS-LAT-SLAV-33-106,ns,3-3,negative,3,True,True,- | - | -
NS-LAT-SLAV-33-107,NS-LAT-SLAV-33-107,ns,3-3,negative,3,True,True,- | - | -
NS-LAT-SLAV-33-108,NS-LAT-SLAV-33-108,ns,3-3,negative,3,True,True,- | - | -
NS-LAT-SLAV-33-109,NS-LAT-SLAV-33-109,ns,3-3,negative,3,True,True,- | - | -
NS-LAT-SLAV-33-110,NS-LAT-SLAV-33-110,ns,3-3,negative,3,True,True,- | - | -
NS-LAT-SLAV-33-111,NS-LAT-SLAV-33-111,ns,3-3,negative,3,True,True,- | - | -
NS-LAT-SLAV-33-112,NS-LAT-SLAV-33-112,ns,3-3,negative,3,True,True,- | - | -
NS-LAT-SLAV-33-113,NS-LAT-SLAV-33-113,ns,3-3,negative,3,True,True,- | - | -
NS-LAT-SLAV-33-114,NS-LAT-SLAV-33-114,ns,3-3,negative,3,True,True,- | - | -
NS-LAT-SLAV-33-115,NS-LAT-SLAV-33-115,ns,3-3,negative,3,True,True,- | - | -
NS-LAT-SLAV-33-116,NS-LAT-SLAV-33-116,ns,3-3,negative,3,True,True,- | - | -
NS-LAT-SLAV-33-117,NS-LAT-SLAV-33-117,ns,3-3,negative,3,True,True,- | - | -
NS-LAT-SLAV-33-118,NS-LAT-SLAV-33-118,ns,3-3,negative,3,True,True,- | - | -
NS-LAT-SLAV-33-119,NS-LAT-SLAV-33-119,ns,3-3,negative,3,True,True,- | - | -
NS-LAT-SLAV-33-120,NS-LAT-SLAV-33-120,ns,3-3,negative,3,True,True,- | - | -
NS-LAT-SLAV-33-121,NS-LAT-SLAV-33-121,ns,3-3,negative,3,True,True,- | - | -
NS-LAT-SLAV-33-122,NS-LAT-SLAV-33-122,ns,3-3,negative,3,True,True,- | - | -
NS-LAT-SLAV-33-123,NS-LAT-SLAV-33-123,ns,3-3,negative,3,True,True,- | - | -
NS-LAT-SLAV-33-124,NS-LAT-SLAV-33-124,ns,3-3,negative,3,True,True,- | - | -
NS-LAT-SLAV-33-125,NS-LAT-SLAV-33-125,ns,3-3,negative,3,True,True,- | - | -
NS-LAT-SLAV-33-126,NS-LAT-SLAV-33-126,ns,3-3,negative,3,True,True,- | - | -
NS-LAT-SLAV-33-127,NS-LAT-SLAV-33-127,ns,3-3,negative,3,True,True,- | - | -
NS-LAT-SLAV-33-128,NS-LAT-SLAV-33-128,ns,3-3,negative,3,True,True,- | - | -
NS-LAT-SLAV-33-129,NS-LAT-SLAV-33-129,ns,3-3,negative,3,True,True,- | - | -
NS-LAT-SLAV-33-130,NS-LAT-SLAV-33-130,ns,3-3,negative,3,True,True,- | - | -
NS-LAT-SLAV-33-131,NS-LAT-SLAV-33-131,ns,3-3,negative,3,True,True,- | - | -
NS-LAT-SLAV-33-132,NS-LAT-SLAV-33-132,ns,3-3,negative,3,True,True,- | - | -
NS-LAT-SLAV-33-133,NS-LAT-SLAV-33-133,ns,3-3,negative,3,True,True,- | - | -
NS-LAT-SLAV-33-134,NS-LAT-SLAV-33-134,ns,3-3,negative,3,True,True,- | - | -
NS-LAT-SLAV-33-135,NS-LAT-SLAV-33-135,ns,3-3,negative,3,True,True,- | - | -
NS-LAT-SLAV-33-136,NS-LAT-SLAV-33-136,ns,3-3,negative,3,True,True,- | - | -
NS-LAT-SLAV-33-137,NS-LAT-SLAV-33-137,ns,3-3,negative,3,True,True,- | - | -
NS-LAT-SLAV-33-138,NS-LAT-SLAV-33-138,ns,3-3,negative,3,True,True,- | - | -
NS-LAT-SLAV-33-139,NS-LAT-SLAV-33-139,ns,3-3,negative,3,True,True,- | - | -
NS-LAT-SLAV-33-140,NS-LAT-SLAV-33-140,ns,3-3,negative,3,True,True,- | - | -
NS-LAT-SLAV-33-141,NS-LAT-SLAV-33-141,ns,3-3,negative,3,True,True,- | - | -
NS-LAT-SLAV-33-142,NS-LAT-SLAV-33-142,ns,3-3,negative,3,True,True,- | - | -
NS-LAT-SLAV-33-143,NS-LAT-SLAV-33-143,ns,3-3,negative,3,True,True,- | - | -
NS-LAT-SLAV-33-144,NS-LAT-SLAV-33-144,ns,3-3,negative,3,True,True,- | - | -
NS-LAT-SLAV-33-145,NS-LAT-SLAV-33-145,ns,3-3,negative,3,True,True,- | - | -
NS-LAT-SLAV-33-146,NS-LAT-SLAV-33-146,ns,3-3,negative,3,True,True,- | - | -
NS-LAT-SLAV-33-147,NS-LAT-SLAV-33-147,ns,3-3,negative,3,True,True,- | - | -
NS-LAT-SLAV-33-148,NS-LAT-SLAV-33-148,ns,3-3,negative,3,True,True,- | - | -
NS-LAT-SLAV-33-149,NS-LAT-SLAV-33-149,ns,3-3,negative,3,True,True,- | - | -
NS-LAT-SLAV-33-150,NS-LAT-SLAV-33-150,ns,3-3,negative,3,True,True,- | - | -
NSS-LAT-SLAV-32-001,NSS-LAT-SLAV-32-001,ns_similar_part,3-2,negative,3,True,True,- | - | -
NSS-LAT-SLAV-32-002,NSS-LAT-SLAV-32-002,ns_similar_part,3-2,negative,3,True,True,- | - | -
NSS-LAT-SLAV-32-003,NSS-LAT-SLAV-32-003,ns_similar_part,3-2,negative,3,True,True,- | - | -
NSS-LAT-SLAV-32-004,NSS-LAT-SLAV-32-004,ns_similar_part,3-2,negative,3,True,True,- | - | -
NSS-LAT-SLAV-32-005,NSS-LAT-SLAV-32-005,ns_similar_part,3-2,negative,3,True,True,- | - | -
NSS-LAT-SLAV-32-006,NSS-LAT-SLAV-32-006,ns_similar_part,3-2,negative,3,True,True,- | - | -
NSS-LAT-SLAV-32-007,NSS-LAT-SLAV-32-007,ns_similar_part,3-2,negative,3,True,True,- | - | -
NSS-LAT-SLAV-32-008,NSS-LAT-SLAV-32-008,ns_similar_part,3-2,negative,3,True,True,- | - | -
NSS-LAT-SLAV-32-009,NSS-LAT-SLAV-32-009,ns_similar_part,3-2,negative,3,True,True,- | - | -
NSS-LAT-SLAV-32-010,NSS-LAT-SLAV-32-010,ns_similar_part,3-2,negative,3,True,True,- | - | -
NSS-LAT-SLAV-32-011,NSS-LAT-SLAV-32-011,ns_similar_part,3-2,negative,3,True,True,- | - | -
NSS-LAT-SLAV-32-012,NSS-LAT-SLAV-32-012,ns_similar_part,3-2,negative,3,True,True,- | - | -
NSS-LAT-SLAV-32-013,NSS-LAT-SLAV-32-013,ns_similar_part,3-2,negative,3,True,True,- | - | -
NSS-LAT-SLAV-32-014,NSS-LAT-SLAV-32-014,ns_similar_part,3-2,negative,3,True,True,- | - | -
NSS-LAT-SLAV-32-016,NSS-LAT-SLAV-32-016,ns_similar_part,3-2,negative,3,True,True,- | - | -
NSS-LAT-SLAV-32-017,NSS-LAT-SLAV-32-017,ns_similar_part,3-2,negative,3,True,True,- | - | -
NSS-LAT-SLAV-32-018,NSS-LAT-SLAV-32-018,ns_similar_part,3-2,negative,3,True,True,- | - | -
NSS-LAT-SLAV-32-019,NSS-LAT-SLAV-32-019,ns_similar_part,3-2,negative,3,True,True,- | - | -
NSS-LAT-SLAV-32-020,NSS-LAT-SLAV-32-020,ns_similar_part,3-2,negative,3,True,True,- | - | -
NSS-LAT-SLAV-32-021,NSS-LAT-SLAV-32-021,ns_similar_part,3-2,negative,3,True,True,- | - | -
NSS-LAT-SLAV-32-022,NSS-LAT-SLAV-32-022,ns_similar_part,3-2,negative,3,True,True,- | - | -
NSS-LAT-SLAV-32-023,NSS-LAT-SLAV-32-023,ns_similar_part,3-2,negative,3,True,True,- | - | -
NSS-LAT-SLAV-32-024,NSS-LAT-SLAV-32-024,ns_similar_part,3-2,negative,3,True,True,- | - | -
NSS-LAT-SLAV-32-025,NSS-LAT-SLAV-32-025,ns_similar_part,3-2,negative,3,True,True,- | - | -
NSS-LAT-SLAV-32-026,NSS-LAT-SLAV-32-026,ns_similar_part,3-2,negative,3,True,True,- | - | -
NSS-LAT-SLAV-32-027,NSS-LAT-SLAV-32-027,ns_similar_part,3-2,negative,3,True,True,- | - | -
NSS-LAT-SLAV-32-028,NSS-LAT-SLAV-32-028,ns_similar_part,3-2,negative,3,True,True,- | - | -
NSS-LAT-SLAV-32-029,NSS-LAT-SLAV-32-029,ns_similar_part,3-2,negative,3,True,True,- | - | -
NSS-LAT-SLAV-32-030,NSS-LAT-SLAV-32-030,ns_similar_part,3-2,negative,3,True,True,- | - | -
NSS-LAT-SLAV-32-031,NSS-LAT-SLAV-32-031,ns_similar_part,3-2,negative,3,True,True,- | - | -
NSS-LAT-SLAV-32-033,NSS-LAT-SLAV-32-033,ns_similar_part,3-2,negative,3,True,True,- | - | -
NSS-LAT-SLAV-32-034,NSS-LAT-SLAV-32-034,ns_similar_part,3-2,negative,3,True,True,- | - | -
NSS-LAT-SLAV-32-035,NSS-LAT-SLAV-32-035,ns_similar_part,3-2,negative,3,True,True,- | - | -
NSS-LAT-SLAV-32-036,NSS-LAT-SLAV-32-036,ns_similar_part,3-2,negative,3,True,True,- | - | -
NSS-LAT-SLAV-32-037,NSS-LAT-SLAV-32-037,ns_similar_part,3-2,negative,3,True,True,- | - | -
NSS-LAT-SLAV-32-038,NSS-LAT-SLAV-32-038,ns_similar_part,3-2,negative,3,True,True,- | - | -
NSS-LAT-SLAV-32-039,NSS-LAT-SLAV-32-039,ns_similar_part,3-2,negative,3,True,True,- | - | -
NSS-LAT-SLAV-32-040,NSS-LAT-SLAV-32-040,ns_similar_part,3-2,negative,3,True,True,- | - | -
NSS-LAT-SLAV-32-041,NSS-LAT-SLAV-32-041,ns_similar_part,3-2,negative,3,True,True,- | - | -
NSS-LAT-SLAV-32-042,NSS-LAT-SLAV-32-042,ns_similar_part,3-2,negative,3,True,True,- | - | -
NSS-LAT-SLAV-32-043,NSS-LAT-SLAV-32-043,ns_similar_part,3-2,negative,3,True,True,- | - | -
NSS-LAT-SLAV-32-044,NSS-LAT-SLAV-32-044,ns_similar_part,3-2,negative,3,True,True,- | - | -
NSS-LAT-SLAV-32-045,NSS-LAT-SLAV-32-045,ns_similar_part,3-2,negative,3,True,True,- | - | -
NSS-LAT-SLAV-32-046,NSS-LAT-SLAV-32-046,ns_similar_part,3-2,negative,3,True,True,- | - | -
NSS-LAT-SLAV-32-047,NSS-LAT-SLAV-32-047,ns_similar_part,3-2,negative,3,True,True,- | - | -
NSS-LAT-SLAV-32-048,NSS-LAT-SLAV-32-048,ns_similar_part,3-2,negative,3,True,True,- | - | -
NSS-LAT-SLAV-32-049,NSS-LAT-SLAV-32-049,ns_similar_part,3-2,negative,3,True,True,- | - | -
NSS-LAT-SLAV-32-050,NSS-LAT-SLAV-32-050,ns_similar_part,3-2,negative,3,True,True,- | - | -
NSS-LAT-SLAV-32-051,NSS-LAT-SLAV-32-051,ns_similar_part,3-2,negative,3,True,True,- | - | -
NSS-LAT-SLAV-32-052,NSS-LAT-SLAV-32-052,ns_similar_part,3-2,negative,3,True,True,- | - | -
NSS-LAT-SLAV-32-053,NSS-LAT-SLAV-32-053,ns_similar_part,3-2,negative,3,True,True,- | - | -
NSS-LAT-SLAV-32-054,NSS-LAT-SLAV-32-054,ns_similar_part,3-2,negative,3,True,True,- | - | -
NSS-LAT-SLAV-32-055,NSS-LAT-SLAV-32-055,ns_similar_part,3-2,negative,3,True,True,- | - | -
NSS-LAT-SLAV-32-056,NSS-LAT-SLAV-32-056,ns_similar_part,3-2,negative,3,True,True,- | - | -
NSS-LAT-SLAV-32-057,NSS-LAT-SLAV-32-057,ns_similar_part,3-2,negative,3,True,True,- | - | -
NSS-LAT-SLAV-32-058,NSS-LAT-SLAV-32-058,ns_similar_part,3-2,negative,3,True,True,- | - | -
NSS-LAT-SLAV-32-059,NSS-LAT-SLAV-32-059,ns_similar_part,3-2,negative,3,True,True,- | - | -
NSS-LAT-SLAV-32-060,NSS-LAT-SLAV-32-060,ns_similar_part,3-2,negative,3,True,True,- | - | -
NSS-LAT-SLAV-32-061,NSS-LAT-SLAV-32-061,ns_similar_part,3-2,negative,3,True,True,- | - | -
NSS-LAT-SLAV-32-063,NSS-LAT-SLAV-32-063,ns_similar_part,3-2,negative,3,True,True,- | - | -
NSS-LAT-SLAV-32-064,NSS-LAT-SLAV-32-064,ns_similar_part,3-2,negative,3,True,True,- | - | -
NSS-LAT-SLAV-32-065,NSS-LAT-SLAV-32-065,ns_similar_part,3-2,negative,3,True,True,- | - | -
NSS-LAT-SLAV-32-066,NSS-LAT-SLAV-32-066,ns_similar_part,3-2,negative,3,True,True,- | - | -
NSS-LAT-SLAV-32-067,NSS-LAT-SLAV-32-067,ns_similar_part,3-2,negative,3,True,True,- | - | -
NSS-LAT-SLAV-32-068,NSS-LAT-SLAV-32-068,ns_similar_part,3-2,negative,3,True,True,- | - | -
NSS-LAT-SLAV-32-069,NSS-LAT-SLAV-32-069,ns_similar_part,3-2,negative,3,True,True,- | - | -
NSS-LAT-SLAV-32-070,NSS-LAT-SLAV-32-070,ns_similar_part,3-2,negative,3,True,True,- | - | -
NSS-LAT-SLAV-32-071,NSS-LAT-SLAV-32-071,ns_similar_part,3-2,negative,3,True,True,- | - | -
NSS-LAT-SLAV-32-072,NSS-LAT-SLAV-32-072,ns_similar_part,3-2,negative,3,True,True,- | - | -
NSS-LAT-SLAV-32-073,NSS-LAT-SLAV-32-073,ns_similar_part,3-2,negative,3,True,True,- | - | -
NSS-LAT-SLAV-32-074,NSS-LAT-SLAV-32-074,ns_similar_part,3-2,negative,3,True,True,- | - | -
NSS-LAT-SLAV-32-075,NSS-LAT-SLAV-32-075,ns_similar_part,3-2,negative,3,True,True,- | - | -
NSS-LAT-SLAV-32-076,NSS-LAT-SLAV-32-076,ns_similar_part,3-2,negative,3,True,True,- | - | -
NSS-LAT-SLAV-32-077,NSS-LAT-SLAV-32-077,ns_similar_part,3-2,negative,3,True,True,- | - | -
NSS-LAT-SLAV-32-078,NSS-LAT-SLAV-32-078,ns_similar_part,3-2,negative,3,True,True,- | - | -
NSS-LAT-SLAV-32-079,NSS-LAT-SLAV-32-079,ns_similar_part,3-2,negative,3,True,True,- | - | -
NSS-LAT-SLAV-32-080,NSS-LAT-SLAV-32-080,ns_similar_part,3-2,negative,3,True,True,- | - | -
NSS-LAT-SLAV-32-081,NSS-LAT-SLAV-32-081,ns_similar_part,3-2,negative,3,True,True,- | - | -
NSS-LAT-SLAV-32-082,NSS-LAT-SLAV-32-082,ns_similar_part,3-2,negative,3,True,True,- | - | -
NSS-LAT-SLAV-32-083,NSS-LAT-SLAV-32-083,ns_similar_part,3-2,negative,3,True,True,- | - | -
NSS-LAT-SLAV-32-084,NSS-LAT-SLAV-32-084,ns_similar_part,3-2,negative,3,True,True,- | - | -
NSS-LAT-SLAV-32-085,NSS-LAT-SLAV-32-085,ns_similar_part,3-2,negative,3,True,True,- | - | -
NSS-LAT-SLAV-32-086,NSS-LAT-SLAV-32-086,ns_similar_part,3-2,negative,3,True,True,- | - | -
NSS-LAT-SLAV-32-087,NSS-LAT-SLAV-32-087,ns_similar_part,3-2,negative,3,True,True,- | - | -
NSS-LAT-SLAV-32-088,NSS-LAT-SLAV-32-088,ns_similar_part,3-2,negative,3,True,True,- | - | -
NSS-LAT-SLAV-32-089,NSS-LAT-SLAV-32-089,ns_similar_part,3-2,negative,3,True,True,- | - | -
NSS-LAT-SLAV-32-090,NSS-LAT-SLAV-32-090,ns_similar_part,3-2,negative,3,True,True,- | - | -
NSS-LAT-SLAV-32-091,NSS-LAT-SLAV-32-091,ns_similar_part,3-2,negative,3,True,True,- | - | -
NSS-LAT-SLAV-32-092,NSS-LAT-SLAV-32-092,ns_similar_part,3-2,negative,3,True,True,- | - | -
NSS-LAT-SLAV-32-093,NSS-LAT-SLAV-32-093,ns_similar_part,3-2,negative,3,True,True,- | - | -
NSS-LAT-SLAV-32-094,NSS-LAT-SLAV-32-094,ns_similar_part,3-2,negative,3,True,True,- | - | -
NSS-LAT-SLAV-32-095,NSS-LAT-SLAV-32-095,ns_similar_part,3-2,negative,3,True,True,- | - | -
NSS-LAT-SLAV-32-096,NSS-LAT-SLAV-32-096,ns_similar_part,3-2,negative,3,True,True,- | - | -
NSS-LAT-SLAV-32-097,NSS-LAT-SLAV-32-097,ns_similar_part,3-2,negative,3,True,True,- | - | -
NSS-LAT-SLAV-32-098,NSS-LAT-SLAV-32-098,ns_similar_part,3-2,negative,3,True,True,- | - | -
NSS-LAT-SLAV-32-099,NSS-LAT-SLAV-32-099,ns_similar_part,3-2,negative,3,True,True,- | - | -
NSS-LAT-SLAV-32-100,NSS-LAT-SLAV-32-100,ns_similar_part,3-2,negative,3,True,True,- | - | -
NSS-LAT-SLAV-32-101,NSS-LAT-SLAV-32-101,ns_similar_part,3-2,negative,3,True,True,- | - | -
NSS-LAT-SLAV-32-102,NSS-LAT-SLAV-32-102,ns_similar_part,3-2,negative,3,True,True,- | - | -
NSS-LAT-SLAV-32-103,NSS-LAT-SLAV-32-103,ns_similar_part,3-2,negative,3,True,True,- | - | -
NSS-LAT-SLAV-32-104,NSS-LAT-SLAV-32-104,ns_similar_part,3-2,negative,3,True,True,- | - | -
NSS-LAT-SLAV-32-105,NSS-LAT-SLAV-32-105,ns_similar_part,3-2,negative,3,True,True,- | - | -
NSS-LAT-SLAV-32-106,NSS-LAT-SLAV-32-106,ns_similar_part,3-2,negative,3,True,True,- | - | -
NSS-LAT-SLAV-32-107,NSS-LAT-SLAV-32-107,ns_similar_part,3-2,negative,3,True,True,- | - | -
NSS-LAT-SLAV-32-108,NSS-LAT-SLAV-32-108,ns_similar_part,3-2,negative,3,True,True,- | - | -
NSS-LAT-SLAV-32-109,NSS-LAT-SLAV-32-109,ns_similar_part,3-2,negative,3,True,True,- | - | -
NSS-LAT-SLAV-32-110,NSS-LAT-SLAV-32-110,ns_similar_part,3-2,negative,3,True,True,- | - | -
NSS-LAT-SLAV-32-111,NSS-LAT-SLAV-32-111,ns_similar_part,3-2,negative,3,True,True,- | - | -
NSS-LAT-SLAV-32-113,NSS-LAT-SLAV-32-113,ns_similar_part,3-2,negative,3,True,True,- | - | -
NSS-LAT-SLAV-32-114,NSS-LAT-SLAV-32-114,ns_similar_part,3-2,negative,3,True,True,- | - | -
NSS-LAT-SLAV-32-115,NSS-LAT-SLAV-32-115,ns_similar_part,3-2,negative,3,True,True,- | - | -
NSS-LAT-SLAV-32-116,NSS-LAT-SLAV-32-116,ns_similar_part,3-2,negative,3,True,True,- | - | -
NSS-LAT-SLAV-32-117,NSS-LAT-SLAV-32-117,ns_similar_part,3-2,negative,3,True,True,- | - | -
NSS-LAT-SLAV-32-118,NSS-LAT-SLAV-32-118,ns_similar_part,3-2,negative,3,True,True,- | - | -
NSS-LAT-SLAV-32-119,NSS-LAT-SLAV-32-119,ns_similar_part,3-2,negative,3,True,True,- | - | -
NSS-LAT-SLAV-32-120,NSS-LAT-SLAV-32-120,ns_similar_part,3-2,negative,3,True,True,- | - | -
NSS-LAT-SLAV-32-121,NSS-LAT-SLAV-32-121,ns_similar_part,3-2,negative,3,True,True,- | - | -
NSS-LAT-SLAV-32-122,NSS-LAT-SLAV-32-122,ns_similar_part,3-2,negative,3,True,True,- | - | -
NSS-LAT-SLAV-32-123,NSS-LAT-SLAV-32-123,ns_similar_part,3-2,negative,3,True,True,- | - | -
NSS-LAT-SLAV-32-124,NSS-LAT-SLAV-32-124,ns_similar_part,3-2,negative,3,True,True,- | - | -
NSS-LAT-SLAV-32-125,NSS-LAT-SLAV-32-125,ns_similar_part,3-2,negative,3,True,True,- | - | -
NSS-LAT-SLAV-32-126,NSS-LAT-SLAV-32-126,ns_similar_part,3-2,negative,3,True,True,- | - | -
NSS-LAT-SLAV-32-127,NSS-LAT-SLAV-32-127,ns_similar_part,3-2,negative,3,True,True,- | - | -
NSS-LAT-SLAV-32-128,NSS-LAT-SLAV-32-128,ns_similar_part,3-2,negative,3,True,True,- | - | -
NSS-LAT-SLAV-32-129,NSS-LAT-SLAV-32-129,ns_similar_part,3-2,negative,3,True,True,- | - | -
NSS-LAT-SLAV-32-130,NSS-LAT-SLAV-32-130,ns_similar_part,3-2,negative,3,True,True,- | - | -
NSS-LAT-SLAV-32-131,NSS-LAT-SLAV-32-131,ns_similar_part,3-2,negative,3,True,True,- | - | -
NSS-LAT-SLAV-32-132,NSS-LAT-SLAV-32-132,ns_similar_part,3-2,negative,3,True,True,- | - | -
NSS-LAT-SLAV-32-133,NSS-LAT-SLAV-32-133,ns_similar_part,3-2,negative,3,True,True,- | - | -
NSS-LAT-SLAV-32-134,NSS-LAT-SLAV-32-134,ns_similar_part,3-2,negative,3,True,True,- | - | -
NSS-LAT-SLAV-32-135,NSS-LAT-SLAV-32-135,ns_similar_part,3-2,negative,3,True,True,- | - | -
NSS-LAT-SLAV-32-136,NSS-LAT-SLAV-32-136,ns_similar_part,3-2,negative,3,True,True,- | - | -
NSS-LAT-SLAV-32-137,NSS-LAT-SLAV-32-137,ns_similar_part,3-2,negative,3,True,True,- | - | -
NSS-LAT-SLAV-32-138,NSS-LAT-SLAV-32-138,ns_similar_part,3-2,negative,3,True,True,- | - | -
NSS-LAT-SLAV-32-139,NSS-LAT-SLAV-32-139,ns_similar_part,3-2,negative,3,True,True,- | - | -
NSS-LAT-SLAV-32-140,NSS-LAT-SLAV-32-140,ns_similar_part,3-2,negative,3,True,True,- | - | -
NSS-LAT-SLAV-32-141,NSS-LAT-SLAV-32-141,ns_similar_part,3-2,negative,3,True,True,- | - | -
NSS-LAT-SLAV-32-142,NSS-LAT-SLAV-32-142,ns_similar_part,3-2,negative,3,True,True,- | - | -
NSS-LAT-SLAV-32-143,NSS-LAT-SLAV-32-143,ns_similar_part,3-2,negative,3,True,True,- | - | -
NSS-LAT-SLAV-32-144,NSS-LAT-SLAV-32-144,ns_similar_part,3-2,negative,3,True,True,- | - | -
NSS-LAT-SLAV-32-145,NSS-LAT-SLAV-32-145,ns_similar_part,3-2,negative,3,True,True,- | - | -
NSS-LAT-SLAV-32-146,NSS-LAT-SLAV-32-146,ns_similar_part,3-2,negative,3,True,True,- | - | -
NSS-LAT-SLAV-32-147,NSS-LAT-SLAV-32-147,ns_similar_part,3-2,negative,3,True,True,- | - | -
NSS-LAT-SLAV-32-148,NSS-LAT-SLAV-32-148,ns_similar_part,3-2,negative,3,True,True,- | - | -
NSS-LAT-SLAV-32-149,NSS-LAT-SLAV-32-149,ns_similar_part,3-2,negative,3,True,True,- | - | -
NSS-LAT-SLAV-32-150,NSS-LAT-SLAV-32-150,ns_similar_part,3-2,negative,3,True,True,- | - | -
NSS-LAT-SLAV-33-001,NSS-LAT-SLAV-33-001,ns_similar_part,3-3,negative,3,True,True,- | - | -
NSS-LAT-SLAV-33-002,NSS-LAT-SLAV-33-002,ns_similar_part,3-3,negative,3,True,True,- | - | -
NSS-LAT-SLAV-33-003,NSS-LAT-SLAV-33-003,ns_similar_part,3-3,negative,3,True,True,- | - | -
NSS-LAT-SLAV-33-004,NSS-LAT-SLAV-33-004,ns_similar_part,3-3,negative,3,True,True,- | - | -
NSS-LAT-SLAV-33-005,NSS-LAT-SLAV-33-005,ns_similar_part,3-3,negative,3,True,True,- | - | -
NSS-LAT-SLAV-33-006,NSS-LAT-SLAV-33-006,ns_similar_part,3-3,negative,3,True,True,- | - | -
NSS-LAT-SLAV-33-007,NSS-LAT-SLAV-33-007,ns_similar_part,3-3,negative,3,True,True,- | - | -
NSS-LAT-SLAV-33-008,NSS-LAT-SLAV-33-008,ns_similar_part,3-3,negative,3,True,True,- | - | -
NSS-LAT-SLAV-33-009,NSS-LAT-SLAV-33-009,ns_similar_part,3-3,negative,3,True,True,- | - | -
NSS-LAT-SLAV-33-010,NSS-LAT-SLAV-33-010,ns_similar_part,3-3,negative,3,True,True,- | - | -
NSS-LAT-SLAV-33-011,NSS-LAT-SLAV-33-011,ns_similar_part,3-3,negative,3,True,True,- | - | -
NSS-LAT-SLAV-33-012,NSS-LAT-SLAV-33-012,ns_similar_part,3-3,negative,3,True,True,- | - | -
NSS-LAT-SLAV-33-013,NSS-LAT-SLAV-33-013,ns_similar_part,3-3,negative,3,True,True,- | - | -
NSS-LAT-SLAV-33-014,NSS-LAT-SLAV-33-014,ns_similar_part,3-3,negative,3,True,True,- | - | -
NSS-LAT-SLAV-33-015,NSS-LAT-SLAV-33-015,ns_similar_part,3-3,negative,3,True,True,- | - | -
NSS-LAT-SLAV-33-016,NSS-LAT-SLAV-33-016,ns_similar_part,3-3,negative,3,True,True,- | - | -
NSS-LAT-SLAV-33-017,NSS-LAT-SLAV-33-017,ns_similar_part,3-3,negative,3,True,True,- | - | -
NSS-LAT-SLAV-33-018,NSS-LAT-SLAV-33-018,ns_similar_part,3-3,negative,3,True,True,- | - | -
NSS-LAT-SLAV-33-019,NSS-LAT-SLAV-33-019,ns_similar_part,3-3,negative,3,True,True,- | - | -
NSS-LAT-SLAV-33-020,NSS-LAT-SLAV-33-020,ns_similar_part,3-3,negative,3,True,True,- | - | -
NSS-LAT-SLAV-33-021,NSS-LAT-SLAV-33-021,ns_similar_part,3-3,negative,3,True,True,- | - | -
NSS-LAT-SLAV-33-022,NSS-LAT-SLAV-33-022,ns_similar_part,3-3,negative,3,True,True,- | - | -
NSS-LAT-SLAV-33-023,NSS-LAT-SLAV-33-023,ns_similar_part,3-3,negative,3,True,True,- | - | -
NSS-LAT-SLAV-33-024,NSS-LAT-SLAV-33-024,ns_similar_part,3-3,negative,3,True,True,- | - | -
NSS-LAT-SLAV-33-025,NSS-LAT-SLAV-33-025,ns_similar_part,3-3,negative,3,True,True,- | - | -
NSS-LAT-SLAV-33-026,NSS-LAT-SLAV-33-026,ns_similar_part,3-3,negative,3,True,True,- | - | -
NSS-LAT-SLAV-33-027,NSS-LAT-SLAV-33-027,ns_similar_part,3-3,negative,3,True,True,- | - | -
NSS-LAT-SLAV-33-028,NSS-LAT-SLAV-33-028,ns_similar_part,3-3,negative,3,True,True,- | - | -
NSS-LAT-SLAV-33-029,NSS-LAT-SLAV-33-029,ns_similar_part,3-3,negative,3,True,True,- | - | -
NSS-LAT-SLAV-33-030,NSS-LAT-SLAV-33-030,ns_similar_part,3-3,negative,3,True,True,- | - | -
NSS-LAT-SLAV-33-031,NSS-LAT-SLAV-33-031,ns_similar_part,3-3,negative,3,True,True,- | - | -
NSS-LAT-SLAV-33-032,NSS-LAT-SLAV-33-032,ns_similar_part,3-3,negative,3,True,True,- | - | -
NSS-LAT-SLAV-33-033,NSS-LAT-SLAV-33-033,ns_similar_part,3-3,negative,3,True,True,- | - | -
NSS-LAT-SLAV-33-034,NSS-LAT-SLAV-33-034,ns_similar_part,3-3,negative,3,True,True,- | - | -
NSS-LAT-SLAV-33-035,NSS-LAT-SLAV-33-035,ns_similar_part,3-3,negative,3,True,True,- | - | -
NSS-LAT-SLAV-33-036,NSS-LAT-SLAV-33-036,ns_similar_part,3-3,negative,3,True,True,- | - | -
NSS-LAT-SLAV-33-037,NSS-LAT-SLAV-33-037,ns_similar_part,3-3,negative,3,True,True,- | - | -
NSS-LAT-SLAV-33-038,NSS-LAT-SLAV-33-038,ns_similar_part,3-3,negative,3,True,True,- | - | -
NSS-LAT-SLAV-33-039,NSS-LAT-SLAV-33-039,ns_similar_part,3-3,negative,3,True,True,- | - | -
NSS-LAT-SLAV-33-040,NSS-LAT-SLAV-33-040,ns_similar_part,3-3,negative,3,True,True,- | - | -
NSS-LAT-SLAV-33-041,NSS-LAT-SLAV-33-041,ns_similar_part,3-3,negative,3,True,True,- | - | -
NSS-LAT-SLAV-33-042,NSS-LAT-SLAV-33-042,ns_similar_part,3-3,negative,3,True,True,- | - | -
NSS-LAT-SLAV-33-043,NSS-LAT-SLAV-33-043,ns_similar_part,3-3,negative,3,True,True,- | - | -
NSS-LAT-SLAV-33-044,NSS-LAT-SLAV-33-044,ns_similar_part,3-3,negative,3,True,True,- | - | -
NSS-LAT-SLAV-33-045,NSS-LAT-SLAV-33-045,ns_similar_part,3-3,negative,3,True,True,- | - | -
NSS-LAT-SLAV-33-046,NSS-LAT-SLAV-33-046,ns_similar_part,3-3,negative,3,True,True,- | - | -
NSS-LAT-SLAV-33-047,NSS-LAT-SLAV-33-047,ns_similar_part,3-3,negative,3,True,True,- | - | -
NSS-LAT-SLAV-33-048,NSS-LAT-SLAV-33-048,ns_similar_part,3-3,negative,3,True,True,- | - | -
NSS-LAT-SLAV-33-049,NSS-LAT-SLAV-33-049,ns_similar_part,3-3,negative,3,True,True,- | - | -
NSS-LAT-SLAV-33-050,NSS-LAT-SLAV-33-050,ns_similar_part,3-3,negative,3,True,True,- | - | -
NSS-LAT-SLAV-33-051,NSS-LAT-SLAV-33-051,ns_similar_part,3-3,negative,3,True,True,- | - | -
NSS-LAT-SLAV-33-052,NSS-LAT-SLAV-33-052,ns_similar_part,3-3,negative,3,True,True,- | - | -
NSS-LAT-SLAV-33-053,NSS-LAT-SLAV-33-053,ns_similar_part,3-3,negative,3,True,True,- | - | -
NSS-LAT-SLAV-33-054,NSS-LAT-SLAV-33-054,ns_similar_part,3-3,negative,3,True,True,- | - | -
NSS-LAT-SLAV-33-055,NSS-LAT-SLAV-33-055,ns_similar_part,3-3,negative,3,True,True,- | - | -
NSS-LAT-SLAV-33-056,NSS-LAT-SLAV-33-056,ns_similar_part,3-3,negative,3,True,True,- | - | -
NSS-LAT-SLAV-33-057,NSS-LAT-SLAV-33-057,ns_similar_part,3-3,negative,3,True,True,- | - | -
NSS-LAT-SLAV-33-058,NSS-LAT-SLAV-33-058,ns_similar_part,3-3,negative,3,True,True,- | - | -
NSS-LAT-SLAV-33-059,NSS-LAT-SLAV-33-059,ns_similar_part,3-3,negative,3,True,True,- | - | -
NSS-LAT-SLAV-33-060,NSS-LAT-SLAV-33-060,ns_similar_part,3-3,negative,3,True,True,- | - | -
NSS-LAT-SLAV-33-061,NSS-LAT-SLAV-33-061,ns_similar_part,3-3,negative,3,True,True,- | - | -
NSS-LAT-SLAV-33-062,NSS-LAT-SLAV-33-062,ns_similar_part,3-3,negative,3,True,True,- | - | -
NSS-LAT-SLAV-33-063,NSS-LAT-SLAV-33-063,ns_similar_part,3-3,negative,3,True,True,- | - | -
NSS-LAT-SLAV-33-064,NSS-LAT-SLAV-33-064,ns_similar_part,3-3,negative,3,True,True,- | - | -
NSS-LAT-SLAV-33-065,NSS-LAT-SLAV-33-065,ns_similar_part,3-3,negative,3,True,True,- | - | -
NSS-LAT-SLAV-33-066,NSS-LAT-SLAV-33-066,ns_similar_part,3-3,negative,3,True,True,- | - | -
NSS-LAT-SLAV-33-067,NSS-LAT-SLAV-33-067,ns_similar_part,3-3,negative,3,True,True,- | - | -
NSS-LAT-SLAV-33-068,NSS-LAT-SLAV-33-068,ns_similar_part,3-3,negative,3,True,True,- | - | -
NSS-LAT-SLAV-33-069,NSS-LAT-SLAV-33-069,ns_similar_part,3-3,negative,3,True,True,- | - | -
NSS-LAT-SLAV-33-070,NSS-LAT-SLAV-33-070,ns_similar_part,3-3,negative,3,True,True,- | - | -
NSS-LAT-SLAV-33-071,NSS-LAT-SLAV-33-071,ns_similar_part,3-3,negative,3,True,True,- | - | -
NSS-LAT-SLAV-33-072,NSS-LAT-SLAV-33-072,ns_similar_part,3-3,negative,3,True,True,- | - | -
NSS-LAT-SLAV-33-073,NSS-LAT-SLAV-33-073,ns_similar_part,3-3,negative,3,True,True,- | - | -
NSS-LAT-SLAV-33-074,NSS-LAT-SLAV-33-074,ns_similar_part,3-3,negative,3,True,True,- | - | -
NSS-LAT-SLAV-33-075,NSS-LAT-SLAV-33-075,ns_similar_part,3-3,negative,3,True,True,- | - | -
NSS-LAT-SLAV-33-076,NSS-LAT-SLAV-33-076,ns_similar_part,3-3,negative,3,True,True,- | - | -
NSS-LAT-SLAV-33-077,NSS-LAT-SLAV-33-077,ns_similar_part,3-3,negative,3,True,True,- | - | -
NSS-LAT-SLAV-33-078,NSS-LAT-SLAV-33-078,ns_similar_part,3-3,negative,3,True,True,- | - | -
NSS-LAT-SLAV-33-079,NSS-LAT-SLAV-33-079,ns_similar_part,3-3,negative,3,True,True,- | - | -
NSS-LAT-SLAV-33-080,NSS-LAT-SLAV-33-080,ns_similar_part,3-3,negative,3,True,True,- | - | -
NSS-LAT-SLAV-33-081,NSS-LAT-SLAV-33-081,ns_similar_part,3-3,negative,3,True,True,- | - | -
NSS-LAT-SLAV-33-082,NSS-LAT-SLAV-33-082,ns_similar_part,3-3,negative,3,True,True,- | - | -
NSS-LAT-SLAV-33-083,NSS-LAT-SLAV-33-083,ns_similar_part,3-3,negative,3,True,True,- | - | -
NSS-LAT-SLAV-33-084,NSS-LAT-SLAV-33-084,ns_similar_part,3-3,negative,3,True,True,- | - | -
NSS-LAT-SLAV-33-085,NSS-LAT-SLAV-33-085,ns_similar_part,3-3,negative,3,True,True,- | - | -
NSS-LAT-SLAV-33-086,NSS-LAT-SLAV-33-086,ns_similar_part,3-3,negative,3,True,True,- | - | -
NSS-LAT-SLAV-33-087,NSS-LAT-SLAV-33-087,ns_similar_part,3-3,negative,3,True,True,- | - | -
NSS-LAT-SLAV-33-088,NSS-LAT-SLAV-33-088,ns_similar_part,3-3,negative,3,True,True,- | - | -
NSS-LAT-SLAV-33-089,NSS-LAT-SLAV-33-089,ns_similar_part,3-3,negative,3,True,True,- | - | -
NSS-LAT-SLAV-33-090,NSS-LAT-SLAV-33-090,ns_similar_part,3-3,negative,3,True,True,- | - | -
NSS-LAT-SLAV-33-091,NSS-LAT-SLAV-33-091,ns_similar_part,3-3,negative,3,True,True,- | - | -
NSS-LAT-SLAV-33-092,NSS-LAT-SLAV-33-092,ns_similar_part,3-3,negative,3,True,True,- | - | -
NSS-LAT-SLAV-33-093,NSS-LAT-SLAV-33-093,ns_similar_part,3-3,negative,3,True,True,- | - | -
NSS-LAT-SLAV-33-094,NSS-LAT-SLAV-33-094,ns_similar_part,3-3,negative,3,True,True,- | - | -
NSS-LAT-SLAV-33-095,NSS-LAT-SLAV-33-095,ns_similar_part,3-3,negative,3,True,True,- | - | -
NSS-LAT-SLAV-33-096,NSS-LAT-SLAV-33-096,ns_similar_part,3-3,negative,3,True,True,- | - | -
NSS-LAT-SLAV-33-097,NSS-LAT-SLAV-33-097,ns_similar_part,3-3,negative,3,True,True,- | - | -
NSS-LAT-SLAV-33-098,NSS-LAT-SLAV-33-098,ns_similar_part,3-3,negative,3,True,True,- | - | -
NSS-LAT-SLAV-33-099,NSS-LAT-SLAV-33-099,ns_similar_part,3-3,negative,3,True,True,- | - | -
NSS-LAT-SLAV-33-100,NSS-LAT-SLAV-33-100,ns_similar_part,3-3,negative,3,True,True,- | - | -
NSS-LAT-SLAV-33-101,NSS-LAT-SLAV-33-101,ns_similar_part,3-3,negative,3,True,True,- | - | -
NSS-LAT-SLAV-33-102,NSS-LAT-SLAV-33-102,ns_similar_part,3-3,negative,3,True,True,- | - | -
NSS-LAT-SLAV-33-103,NSS-LAT-SLAV-33-103,ns_similar_part,3-3,negative,3,True,True,- | - | -
NSS-LAT-SLAV-33-104,NSS-LAT-SLAV-33-104,ns_similar_part,3-3,negative,3,True,True,- | - | -
NSS-LAT-SLAV-33-105,NSS-LAT-SLAV-33-105,ns_similar_part,3-3,negative,3,True,True,- | - | -
NSS-LAT-SLAV-33-106,NSS-LAT-SLAV-33-106,ns_similar_part,3-3,negative,3,True,True,- | - | -
NSS-LAT-SLAV-33-107,NSS-LAT-SLAV-33-107,ns_similar_part,3-3,negative,3,True,True,- | - | -
NSS-LAT-SLAV-33-108,NSS-LAT-SLAV-33-108,ns_similar_part,3-3,negative,3,True,True,- | - | -
NSS-LAT-SLAV-33-109,NSS-LAT-SLAV-33-109,ns_similar_part,3-3,negative,3,True,True,- | - | -
NSS-LAT-SLAV-33-110,NSS-LAT-SLAV-33-110,ns_similar_part,3-3,negative,3,True,True,- | - | -
NSS-LAT-SLAV-33-111,NSS-LAT-SLAV-33-111,ns_similar_part,3-3,negative,3,True,True,- | - | -
NSS-LAT-SLAV-33-112,NSS-LAT-SLAV-33-112,ns_similar_part,3-3,negative,3,True,True,- | - | -
NSS-LAT-SLAV-33-113,NSS-LAT-SLAV-33-113,ns_similar_part,3-3,negative,3,True,True,- | - | -
NSS-LAT-SLAV-33-114,NSS-LAT-SLAV-33-114,ns_similar_part,3-3,negative,3,True,True,- | - | -
NSS-LAT-SLAV-33-115,NSS-LAT-SLAV-33-115,ns_similar_part,3-3,negative,3,True,True,- | - | -
NSS-LAT-SLAV-33-116,NSS-LAT-SLAV-33-116,ns_similar_part,3-3,negative,3,True,True,- | - | -
NSS-LAT-SLAV-33-117,NSS-LAT-SLAV-33-117,ns_similar_part,3-3,negative,3,True,True,- | - | -
NSS-LAT-SLAV-33-118,NSS-LAT-SLAV-33-118,ns_similar_part,3-3,negative,3,True,True,- | - | -
NSS-LAT-SLAV-33-119,NSS-LAT-SLAV-33-119,ns_similar_part,3-3,negative,3,True,True,- | - | -
NSS-LAT-SLAV-33-120,NSS-LAT-SLAV-33-120,ns_similar_part,3-3,negative,3,True,True,- | - | -
NSS-LAT-SLAV-33-121,NSS-LAT-SLAV-33-121,ns_similar_part,3-3,negative,3,True,True,- | - | -
NSS-LAT-SLAV-33-122,NSS-LAT-SLAV-33-122,ns_similar_part,3-3,negative,3,True,True,- | - | -
NSS-LAT-SLAV-33-123,NSS-LAT-SLAV-33-123,ns_similar_part,3-3,negative,3,True,True,- | - | -
NSS-LAT-SLAV-33-124,NSS-LAT-SLAV-33-124,ns_similar_part,3-3,negative,3,True,True,- | - | -
NSS-LAT-SLAV-33-125,NSS-LAT-SLAV-33-125,ns_similar_part,3-3,negative,3,True,True,- | - | -
NSS-LAT-SLAV-33-126,NSS-LAT-SLAV-33-126,ns_similar_part,3-3,negative,3,True,True,- | - | -
NSS-LAT-SLAV-33-127,NSS-LAT-SLAV-33-127,ns_similar_part,3-3,negative,3,True,True,- | - | -
NSS-LAT-SLAV-33-128,NSS-LAT-SLAV-33-128,ns_similar_part,3-3,negative,3,True,True,- | - | -
NSS-LAT-SLAV-33-129,NSS-LAT-SLAV-33-129,ns_similar_part,3-3,negative,3,True,True,- | - | -
NSS-LAT-SLAV-33-130,NSS-LAT-SLAV-33-130,ns_similar_part,3-3,negative,3,True,True,- | - | -
NSS-LAT-SLAV-33-131,NSS-LAT-SLAV-33-131,ns_similar_part,3-3,negative,3,True,True,- | - | -
NSS-LAT-SLAV-33-132,NSS-LAT-SLAV-33-132,ns_similar_part,3-3,negative,3,True,True,- | - | -
NSS-LAT-SLAV-33-133,NSS-LAT-SLAV-33-133,ns_similar_part,3-3,negative,3,True,True,- | - | -
NSS-LAT-SLAV-33-134,NSS-LAT-SLAV-33-134,ns_similar_part,3-3,negative,3,True,True,- | - | -
NSS-LAT-SLAV-33-135,NSS-LAT-SLAV-33-135,ns_similar_part,3-3,negative,3,True,True,- | - | -
NSS-LAT-SLAV-33-136,NSS-LAT-SLAV-33-136,ns_similar_part,3-3,negative,3,True,True,- | - | -
NSS-LAT-SLAV-33-137,NSS-LAT-SLAV-33-137,ns_similar_part,3-3,negative,3,True,True,- | - | -
NSS-LAT-SLAV-33-138,NSS-LAT-SLAV-33-138,ns_similar_part,3-3,negative,3,True,True,- | - | -
NSS-LAT-SLAV-33-139,NSS-LAT-SLAV-33-139,ns_similar_part,3-3,negative,3,True,True,- | - | -
NSS-LAT-SLAV-33-140,NSS-LAT-SLAV-33-140,ns_similar_part,3-3,negative,3,True,True,- | - | -
NSS-LAT-SLAV-33-141,NSS-LAT-SLAV-33-141,ns_similar_part,3-3,negative,3,True,True,- | - | -
NSS-LAT-SLAV-33-142,NSS-LAT-SLAV-33-142,ns_similar_part,3-3,negative,3,True,True,- | - | -
NSS-LAT-SLAV-33-143,NSS-LAT-SLAV-33-143,ns_similar_part,3-3,negative,3,True,True,- | - | -
NSS-LAT-SLAV-33-144,NSS-LAT-SLAV-33-144,ns_similar_part,3-3,negative,3,True,True,- | - | -
NSS-LAT-SLAV-33-145,NSS-LAT-SLAV-33-145,ns_similar_part,3-3,negative,3,True,True,- | - | -
NSS-LAT-SLAV-33-146,NSS-LAT-SLAV-33-146,ns_similar_part,3-3,negative,3,True,True,- | - | -
NSS-LAT-SLAV-33-147,NSS-LAT-SLAV-33-147,ns_similar_part,3-3,negative,3,True,True,- | - | -
NSS-LAT-SLAV-33-148,NSS-LAT-SLAV-33-148,ns_similar_part,3-3,negative,3,True,True,- | - | -
NSS-LAT-SLAV-33-149,NSS-LAT-SLAV-33-149,ns_similar_part,3-3,negative,3,True,True,- | - | -
NSS-LAT-SLAV-33-150,NSS-LAT-SLAV-33-150,ns_similar_part,3-3,negative,3,True,True,- | - | -
NSS-LAT-SLAV-NB-32-001,NSS-LAT-SLAV-NB-32-001,ns_similar_nb,3-2,negative,3,True,True,- | - | -
NSS-LAT-SLAV-NB-32-002,NSS-LAT-SLAV-NB-32-002,ns_similar_nb,3-2,negative,3,True,True,- | - | -
NSS-LAT-SLAV-NB-32-003,NSS-LAT-SLAV-NB-32-003,ns_similar_nb,3-2,negative,3,True,True,- | - | -
NSS-LAT-SLAV-NB-32-004,NSS-LAT-SLAV-NB-32-004,ns_similar_nb,3-2,negative,3,True,True,- | - | -
NSS-LAT-SLAV-NB-32-005,NSS-LAT-SLAV-NB-32-005,ns_similar_nb,3-2,negative,3,True,True,- | - | -
NSS-LAT-SLAV-NB-32-006,NSS-LAT-SLAV-NB-32-006,ns_similar_nb,3-2,negative,3,True,True,- | - | -
NSS-LAT-SLAV-NB-32-007,NSS-LAT-SLAV-NB-32-007,ns_similar_nb,3-2,negative,3,True,True,- | - | -
NSS-LAT-SLAV-NB-32-008,NSS-LAT-SLAV-NB-32-008,ns_similar_nb,3-2,negative,3,True,True,- | - | -
NSS-LAT-SLAV-NB-32-009,NSS-LAT-SLAV-NB-32-009,ns_similar_nb,3-2,negative,3,True,True,- | - | -
NSS-LAT-SLAV-NB-32-010,NSS-LAT-SLAV-NB-32-010,ns_similar_nb,3-2,negative,3,True,True,- | - | -
NSS-LAT-SLAV-NB-32-011,NSS-LAT-SLAV-NB-32-011,ns_similar_nb,3-2,negative,3,True,True,- | - | -
NSS-LAT-SLAV-NB-32-012,NSS-LAT-SLAV-NB-32-012,ns_similar_nb,3-2,negative,3,True,True,- | - | -
NSS-LAT-SLAV-NB-32-013,NSS-LAT-SLAV-NB-32-013,ns_similar_nb,3-2,negative,3,True,True,- | - | -
NSS-LAT-SLAV-NB-32-014,NSS-LAT-SLAV-NB-32-014,ns_similar_nb,3-2,negative,3,True,True,- | - | -
NSS-LAT-SLAV-NB-32-015,NSS-LAT-SLAV-NB-32-015,ns_similar_nb,3-2,negative,3,True,True,- | - | -
NSS-LAT-SLAV-NB-32-016,NSS-LAT-SLAV-NB-32-016,ns_similar_nb,3-2,negative,3,True,True,- | - | -
NSS-LAT-SLAV-NB-32-017,NSS-LAT-SLAV-NB-32-017,ns_similar_nb,3-2,negative,3,True,True,- | - | -
NSS-LAT-SLAV-NB-32-018,NSS-LAT-SLAV-NB-32-018,ns_similar_nb,3-2,negative,3,True,True,- | - | -
NSS-LAT-SLAV-NB-32-019,NSS-LAT-SLAV-NB-32-019,ns_similar_nb,3-2,negative,3,True,True,- | - | -
NSS-LAT-SLAV-NB-32-020,NSS-LAT-SLAV-NB-32-020,ns_similar_nb,3-2,negative,3,True,True,- | - | -
NSS-LAT-SLAV-NB-32-021,NSS-LAT-SLAV-NB-32-021,ns_similar_nb,3-2,negative,3,True,True,- | - | -
NSS-LAT-SLAV-NB-32-022,NSS-LAT-SLAV-NB-32-022,ns_similar_nb,3-2,negative,3,True,True,- | - | -
NSS-LAT-SLAV-NB-32-023,NSS-LAT-SLAV-NB-32-023,ns_similar_nb,3-2,negative,3,True,True,- | - | -
NSS-LAT-SLAV-NB-32-024,NSS-LAT-SLAV-NB-32-024,ns_similar_nb,3-2,negative,3,True,True,- | - | -
NSS-LAT-SLAV-NB-32-025,NSS-LAT-SLAV-NB-32-025,ns_similar_nb,3-2,negative,3,True,True,- | - | -
NSS-LAT-SLAV-NB-32-026,NSS-LAT-SLAV-NB-32-026,ns_similar_nb,3-2,negative,3,True,True,- | - | -
NSS-LAT-SLAV-NB-32-027,NSS-LAT-SLAV-NB-32-027,ns_similar_nb,3-2,negative,3,True,True,- | - | -
NSS-LAT-SLAV-NB-32-028,NSS-LAT-SLAV-NB-32-028,ns_similar_nb,3-2,negative,3,True,True,- | - | -
NSS-LAT-SLAV-NB-32-029,NSS-LAT-SLAV-NB-32-029,ns_similar_nb,3-2,negative,3,True,True,- | - | -
NSS-LAT-SLAV-NB-32-030,NSS-LAT-SLAV-NB-32-030,ns_similar_nb,3-2,negative,3,True,True,- | - | -
NSS-LAT-SLAV-NB-32-031,NSS-LAT-SLAV-NB-32-031,ns_similar_nb,3-2,negative,3,True,True,- | - | -
NSS-LAT-SLAV-NB-32-032,NSS-LAT-SLAV-NB-32-032,ns_similar_nb,3-2,negative,3,True,True,- | - | -
NSS-LAT-SLAV-NB-32-033,NSS-LAT-SLAV-NB-32-033,ns_similar_nb,3-2,negative,3,True,True,- | - | -
NSS-LAT-SLAV-NB-32-034,NSS-LAT-SLAV-NB-32-034,ns_similar_nb,3-2,negative,3,True,True,- | - | -
NSS-LAT-SLAV-NB-32-035,NSS-LAT-SLAV-NB-32-035,ns_similar_nb,3-2,negative,3,True,True,- | - | -
NSS-LAT-SLAV-NB-32-036,NSS-LAT-SLAV-NB-32-036,ns_similar_nb,3-2,negative,3,True,True,- | - | -
NSS-LAT-SLAV-NB-32-037,NSS-LAT-SLAV-NB-32-037,ns_similar_nb,3-2,negative,3,True,True,- | - | -
NSS-LAT-SLAV-NB-32-038,NSS-LAT-SLAV-NB-32-038,ns_similar_nb,3-2,negative,3,True,True,- | - | -
NSS-LAT-SLAV-NB-32-039,NSS-LAT-SLAV-NB-32-039,ns_similar_nb,3-2,negative,3,True,True,- | - | -
NSS-LAT-SLAV-NB-32-041,NSS-LAT-SLAV-NB-32-041,ns_similar_nb,3-2,negative,3,True,True,- | - | -
NSS-LAT-SLAV-NB-32-042,NSS-LAT-SLAV-NB-32-042,ns_similar_nb,3-2,negative,3,True,True,- | - | -
NSS-LAT-SLAV-NB-32-043,NSS-LAT-SLAV-NB-32-043,ns_similar_nb,3-2,negative,3,True,True,- | - | -
NSS-LAT-SLAV-NB-32-044,NSS-LAT-SLAV-NB-32-044,ns_similar_nb,3-2,negative,3,True,True,- | - | -
NSS-LAT-SLAV-NB-32-045,NSS-LAT-SLAV-NB-32-045,ns_similar_nb,3-2,negative,3,True,True,- | - | -
NSS-LAT-SLAV-NB-32-046,NSS-LAT-SLAV-NB-32-046,ns_similar_nb,3-2,negative,3,True,True,- | - | -
NSS-LAT-SLAV-NB-32-047,NSS-LAT-SLAV-NB-32-047,ns_similar_nb,3-2,negative,3,True,True,- | - | -
NSS-LAT-SLAV-NB-32-048,NSS-LAT-SLAV-NB-32-048,ns_similar_nb,3-2,negative,3,True,True,- | - | -
NSS-LAT-SLAV-NB-32-049,NSS-LAT-SLAV-NB-32-049,ns_similar_nb,3-2,negative,3,True,True,- | - | -
NSS-LAT-SLAV-NB-32-050,NSS-LAT-SLAV-NB-32-050,ns_similar_nb,3-2,negative,3,True,True,- | - | -
NSS-LAT-SLAV-NB-32-051,NSS-LAT-SLAV-NB-32-051,ns_similar_nb,3-2,negative,3,True,True,- | - | -
NSS-LAT-SLAV-NB-32-052,NSS-LAT-SLAV-NB-32-052,ns_similar_nb,3-2,negative,3,True,True,- | - | -
NSS-LAT-SLAV-NB-32-053,NSS-LAT-SLAV-NB-32-053,ns_similar_nb,3-2,negative,3,True,True,- | - | -
NSS-LAT-SLAV-NB-32-054,NSS-LAT-SLAV-NB-32-054,ns_similar_nb,3-2,negative,3,True,True,- | - | -
NSS-LAT-SLAV-NB-32-055,NSS-LAT-SLAV-NB-32-055,ns_similar_nb,3-2,negative,3,True,True,- | - | -
NSS-LAT-SLAV-NB-32-056,NSS-LAT-SLAV-NB-32-056,ns_similar_nb,3-2,negative,3,True,True,- | - | -
NSS-LAT-SLAV-NB-32-057,NSS-LAT-SLAV-NB-32-057,ns_similar_nb,3-2,negative,3,True,True,- | - | -
NSS-LAT-SLAV-NB-32-058,NSS-LAT-SLAV-NB-32-058,ns_similar_nb,3-2,negative,3,True,True,- | - | -
NSS-LAT-SLAV-NB-32-059,NSS-LAT-SLAV-NB-32-059,ns_similar_nb,3-2,negative,3,True,True,- | - | -
NSS-LAT-SLAV-NB-32-060,NSS-LAT-SLAV-NB-32-060,ns_similar_nb,3-2,negative,3,True,True,- | - | -
NSS-LAT-SLAV-NB-32-061,NSS-LAT-SLAV-NB-32-061,ns_similar_nb,3-2,negative,3,True,True,- | - | -
NSS-LAT-SLAV-NB-32-062,NSS-LAT-SLAV-NB-32-062,ns_similar_nb,3-2,negative,3,True,True,- | - | -
NSS-LAT-SLAV-NB-32-063,NSS-LAT-SLAV-NB-32-063,ns_similar_nb,3-2,negative,3,True,True,- | - | -
NSS-LAT-SLAV-NB-32-064,NSS-LAT-SLAV-NB-32-064,ns_similar_nb,3-2,negative,3,True,True,- | - | -
NSS-LAT-SLAV-NB-32-065,NSS-LAT-SLAV-NB-32-065,ns_similar_nb,3-2,negative,3,True,True,- | - | -
NSS-LAT-SLAV-NB-32-066,NSS-LAT-SLAV-NB-32-066,ns_similar_nb,3-2,negative,3,True,True,- | - | -
NSS-LAT-SLAV-NB-32-067,NSS-LAT-SLAV-NB-32-067,ns_similar_nb,3-2,negative,3,True,True,- | - | -
NSS-LAT-SLAV-NB-32-068,NSS-LAT-SLAV-NB-32-068,ns_similar_nb,3-2,negative,3,True,True,- | - | -
NSS-LAT-SLAV-NB-32-069,NSS-LAT-SLAV-NB-32-069,ns_similar_nb,3-2,negative,3,True,True,- | - | -
NSS-LAT-SLAV-NB-32-070,NSS-LAT-SLAV-NB-32-070,ns_similar_nb,3-2,negative,3,True,True,- | - | -
NSS-LAT-SLAV-NB-32-071,NSS-LAT-SLAV-NB-32-071,ns_similar_nb,3-2,negative,3,True,True,- | - | -
NSS-LAT-SLAV-NB-32-072,NSS-LAT-SLAV-NB-32-072,ns_similar_nb,3-2,negative,3,True,True,- | - | -
NSS-LAT-SLAV-NB-32-073,NSS-LAT-SLAV-NB-32-073,ns_similar_nb,3-2,negative,3,True,True,- | - | -
NSS-LAT-SLAV-NB-32-074,NSS-LAT-SLAV-NB-32-074,ns_similar_nb,3-2,negative,3,True,True,- | - | -
NSS-LAT-SLAV-NB-32-075,NSS-LAT-SLAV-NB-32-075,ns_similar_nb,3-2,negative,3,True,True,- | - | -
NSS-LAT-SLAV-NB-32-076,NSS-LAT-SLAV-NB-32-076,ns_similar_nb,3-2,negative,3,True,True,- | - | -
NSS-LAT-SLAV-NB-32-077,NSS-LAT-SLAV-NB-32-077,ns_similar_nb,3-2,negative,3,True,True,- | - | -
NSS-LAT-SLAV-NB-32-079,NSS-LAT-SLAV-NB-32-079,ns_similar_nb,3-2,negative,3,True,True,- | - | -
NSS-LAT-SLAV-NB-32-080,NSS-LAT-SLAV-NB-32-080,ns_similar_nb,3-2,negative,3,True,True,- | - | -
NSS-LAT-SLAV-NB-32-081,NSS-LAT-SLAV-NB-32-081,ns_similar_nb,3-2,negative,3,True,True,- | - | -
NSS-LAT-SLAV-NB-32-082,NSS-LAT-SLAV-NB-32-082,ns_similar_nb,3-2,negative,3,True,True,- | - | -
NSS-LAT-SLAV-NB-32-083,NSS-LAT-SLAV-NB-32-083,ns_similar_nb,3-2,negative,3,True,True,- | - | -
NSS-LAT-SLAV-NB-32-084,NSS-LAT-SLAV-NB-32-084,ns_similar_nb,3-2,negative,3,True,True,- | - | -
NSS-LAT-SLAV-NB-32-085,NSS-LAT-SLAV-NB-32-085,ns_similar_nb,3-2,negative,3,True,True,- | - | -
NSS-LAT-SLAV-NB-32-086,NSS-LAT-SLAV-NB-32-086,ns_similar_nb,3-2,negative,3,True,True,- | - | -
NSS-LAT-SLAV-NB-32-087,NSS-LAT-SLAV-NB-32-087,ns_similar_nb,3-2,negative,3,True,True,- | - | -
NSS-LAT-SLAV-NB-32-088,NSS-LAT-SLAV-NB-32-088,ns_similar_nb,3-2,negative,3,True,True,- | - | -
NSS-LAT-SLAV-NB-32-089,NSS-LAT-SLAV-NB-32-089,ns_similar_nb,3-2,negative,3,True,True,- | - | -
NSS-LAT-SLAV-NB-32-090,NSS-LAT-SLAV-NB-32-090,ns_similar_nb,3-2,negative,3,True,True,- | - | -
NSS-LAT-SLAV-NB-32-091,NSS-LAT-SLAV-NB-32-091,ns_similar_nb,3-2,negative,3,True,True,- | - | -
NSS-LAT-SLAV-NB-32-092,NSS-LAT-SLAV-NB-32-092,ns_similar_nb,3-2,negative,3,True,True,- | - | -
NSS-LAT-SLAV-NB-32-093,NSS-LAT-SLAV-NB-32-093,ns_similar_nb,3-2,negative,3,True,True,- | - | -
NSS-LAT-SLAV-NB-32-094,NSS-LAT-SLAV-NB-32-094,ns_similar_nb,3-2,negative,3,True,True,- | - | -
NSS-LAT-SLAV-NB-32-095,NSS-LAT-SLAV-NB-32-095,ns_similar_nb,3-2,negative,3,True,True,- | - | -
NSS-LAT-SLAV-NB-32-096,NSS-LAT-SLAV-NB-32-096,ns_similar_nb,3-2,negative,3,True,True,- | - | -
NSS-LAT-SLAV-NB-32-097,NSS-LAT-SLAV-NB-32-097,ns_similar_nb,3-2,negative,3,True,True,- | - | -
NSS-LAT-SLAV-NB-32-098,NSS-LAT-SLAV-NB-32-098,ns_similar_nb,3-2,negative,3,True,True,- | - | -
NSS-LAT-SLAV-NB-32-099,NSS-LAT-SLAV-NB-32-099,ns_similar_nb,3-2,negative,3,True,True,- | - | -
NSS-LAT-SLAV-NB-32-100,NSS-LAT-SLAV-NB-32-100,ns_similar_nb,3-2,negative,3,True,True,- | - | -
NSS-LAT-SLAV-NB-32-101,NSS-LAT-SLAV-NB-32-101,ns_similar_nb,3-2,negative,3,True,True,- | - | -
NSS-LAT-SLAV-NB-32-102,NSS-LAT-SLAV-NB-32-102,ns_similar_nb,3-2,negative,3,True,True,- | - | -
NSS-LAT-SLAV-NB-32-103,NSS-LAT-SLAV-NB-32-103,ns_similar_nb,3-2,negative,3,True,True,- | - | -
NSS-LAT-SLAV-NB-32-104,NSS-LAT-SLAV-NB-32-104,ns_similar_nb,3-2,negative,3,True,True,- | - | -
NSS-LAT-SLAV-NB-32-105,NSS-LAT-SLAV-NB-32-105,ns_similar_nb,3-2,negative,3,True,True,- | - | -
NSS-LAT-SLAV-NB-32-106,NSS-LAT-SLAV-NB-32-106,ns_similar_nb,3-2,negative,3,True,True,- | - | -
NSS-LAT-SLAV-NB-32-107,NSS-LAT-SLAV-NB-32-107,ns_similar_nb,3-2,negative,3,True,True,- | - | -
NSS-LAT-SLAV-NB-32-108,NSS-LAT-SLAV-NB-32-108,ns_similar_nb,3-2,negative,3,True,True,- | - | -
NSS-LAT-SLAV-NB-32-109,NSS-LAT-SLAV-NB-32-109,ns_similar_nb,3-2,negative,3,True,True,- | - | -
NSS-LAT-SLAV-NB-32-110,NSS-LAT-SLAV-NB-32-110,ns_similar_nb,3-2,negative,3,True,True,- | - | -
NSS-LAT-SLAV-NB-32-111,NSS-LAT-SLAV-NB-32-111,ns_similar_nb,3-2,negative,3,True,True,- | - | -
NSS-LAT-SLAV-NB-32-112,NSS-LAT-SLAV-NB-32-112,ns_similar_nb,3-2,negative,3,True,True,- | - | -
NSS-LAT-SLAV-NB-32-113,NSS-LAT-SLAV-NB-32-113,ns_similar_nb,3-2,negative,3,True,True,- | - | -
NSS-LAT-SLAV-NB-32-114,NSS-LAT-SLAV-NB-32-114,ns_similar_nb,3-2,negative,3,True,True,- | - | -
NSS-LAT-SLAV-NB-32-115,NSS-LAT-SLAV-NB-32-115,ns_similar_nb,3-2,negative,3,True,True,- | - | -
NSS-LAT-SLAV-NB-32-116,NSS-LAT-SLAV-NB-32-116,ns_similar_nb,3-2,negative,3,True,True,- | - | -
NSS-LAT-SLAV-NB-32-117,NSS-LAT-SLAV-NB-32-117,ns_similar_nb,3-2,negative,3,True,True,- | - | -
NSS-LAT-SLAV-NB-32-118,NSS-LAT-SLAV-NB-32-118,ns_similar_nb,3-2,negative,3,True,True,- | - | -
NSS-LAT-SLAV-NB-32-119,NSS-LAT-SLAV-NB-32-119,ns_similar_nb,3-2,negative,3,True,True,- | - | -
NSS-LAT-SLAV-NB-32-120,NSS-LAT-SLAV-NB-32-120,ns_similar_nb,3-2,negative,3,True,True,- | - | -
NSS-LAT-SLAV-NB-32-121,NSS-LAT-SLAV-NB-32-121,ns_similar_nb,3-2,negative,3,True,True,- | - | -
NSS-LAT-SLAV-NB-32-122,NSS-LAT-SLAV-NB-32-122,ns_similar_nb,3-2,negative,3,True,True,- | - | -
NSS-LAT-SLAV-NB-32-123,NSS-LAT-SLAV-NB-32-123,ns_similar_nb,3-2,negative,3,True,True,- | - | -
NSS-LAT-SLAV-NB-32-124,NSS-LAT-SLAV-NB-32-124,ns_similar_nb,3-2,negative,3,True,True,- | - | -
NSS-LAT-SLAV-NB-32-125,NSS-LAT-SLAV-NB-32-125,ns_similar_nb,3-2,negative,3,True,True,- | - | -
NSS-LAT-SLAV-NB-32-126,NSS-LAT-SLAV-NB-32-126,ns_similar_nb,3-2,negative,3,True,True,- | - | -
NSS-LAT-SLAV-NB-32-127,NSS-LAT-SLAV-NB-32-127,ns_similar_nb,3-2,negative,3,True,True,- | - | -
NSS-LAT-SLAV-NB-32-128,NSS-LAT-SLAV-NB-32-128,ns_similar_nb,3-2,negative,3,True,True,- | - | -
NSS-LAT-SLAV-NB-32-129,NSS-LAT-SLAV-NB-32-129,ns_similar_nb,3-2,negative,3,True,True,- | - | -
NSS-LAT-SLAV-NB-32-130,NSS-LAT-SLAV-NB-32-130,ns_similar_nb,3-2,negative,3,True,True,- | - | -
NSS-LAT-SLAV-NB-32-131,NSS-LAT-SLAV-NB-32-131,ns_similar_nb,3-2,negative,3,True,True,- | - | -
NSS-LAT-SLAV-NB-32-132,NSS-LAT-SLAV-NB-32-132,ns_similar_nb,3-2,negative,3,True,True,- | - | -
NSS-LAT-SLAV-NB-32-133,NSS-LAT-SLAV-NB-32-133,ns_similar_nb,3-2,negative,3,True,True,- | - | -
NSS-LAT-SLAV-NB-32-134,NSS-LAT-SLAV-NB-32-134,ns_similar_nb,3-2,negative,3,True,True,- | - | -
NSS-LAT-SLAV-NB-32-135,NSS-LAT-SLAV-NB-32-135,ns_similar_nb,3-2,negative,3,True,True,- | - | -
NSS-LAT-SLAV-NB-32-136,NSS-LAT-SLAV-NB-32-136,ns_similar_nb,3-2,negative,3,True,True,- | - | -
NSS-LAT-SLAV-NB-32-137,NSS-LAT-SLAV-NB-32-137,ns_similar_nb,3-2,negative,3,True,True,- | - | -
NSS-LAT-SLAV-NB-32-138,NSS-LAT-SLAV-NB-32-138,ns_similar_nb,3-2,negative,3,True,True,- | - | -
NSS-LAT-SLAV-NB-32-139,NSS-LAT-SLAV-NB-32-139,ns_similar_nb,3-2,negative,3,True,True,- | - | -
NSS-LAT-SLAV-NB-32-140,NSS-LAT-SLAV-NB-32-140,ns_similar_nb,3-2,negative,3,True,True,- | - | -
NSS-LAT-SLAV-NB-32-141,NSS-LAT-SLAV-NB-32-141,ns_similar_nb,3-2,negative,3,True,True,- | - | -
NSS-LAT-SLAV-NB-32-142,NSS-LAT-SLAV-NB-32-142,ns_similar_nb,3-2,negative,3,True,True,- | - | -
NSS-LAT-SLAV-NB-32-143,NSS-LAT-SLAV-NB-32-143,ns_similar_nb,3-2,negative,3,True,True,- | - | -
NSS-LAT-SLAV-NB-32-144,NSS-LAT-SLAV-NB-32-144,ns_similar_nb,3-2,negative,3,True,True,- | - | -
NSS-LAT-SLAV-NB-32-145,NSS-LAT-SLAV-NB-32-145,ns_similar_nb,3-2,negative,3,True,True,- | - | -
NSS-LAT-SLAV-NB-32-146,NSS-LAT-SLAV-NB-32-146,ns_similar_nb,3-2,negative,3,True,True,- | - | -
NSS-LAT-SLAV-NB-32-147,NSS-LAT-SLAV-NB-32-147,ns_similar_nb,3-2,negative,3,True,True,- | - | -
NSS-LAT-SLAV-NB-32-148,NSS-LAT-SLAV-NB-32-148,ns_similar_nb,3-2,negative,3,True,True,- | - | -
NSS-LAT-SLAV-NB-32-149,NSS-LAT-SLAV-NB-32-149,ns_similar_nb,3-2,negative,3,True,True,- | - | -
NSS-LAT-SLAV-NB-32-150,NSS-LAT-SLAV-NB-32-150,ns_similar_nb,3-2,negative,3,True,True,- | - | -
NSS-LAT-SLAV-NB-33-001,NSS-LAT-SLAV-NB-33-001,ns_similar_nb,3-3,negative,3,True,True,- | - | -
NSS-LAT-SLAV-NB-33-002,NSS-LAT-SLAV-NB-33-002,ns_similar_nb,3-3,negative,3,True,True,- | - | -
NSS-LAT-SLAV-NB-33-003,NSS-LAT-SLAV-NB-33-003,ns_similar_nb,3-3,negative,3,True,True,- | - | -
NSS-LAT-SLAV-NB-33-004,NSS-LAT-SLAV-NB-33-004,ns_similar_nb,3-3,negative,3,True,True,- | - | -
NSS-LAT-SLAV-NB-33-005,NSS-LAT-SLAV-NB-33-005,ns_similar_nb,3-3,negative,3,True,True,- | - | -
NSS-LAT-SLAV-NB-33-006,NSS-LAT-SLAV-NB-33-006,ns_similar_nb,3-3,negative,3,True,True,- | - | -
NSS-LAT-SLAV-NB-33-007,NSS-LAT-SLAV-NB-33-007,ns_similar_nb,3-3,negative,3,True,True,- | - | -
NSS-LAT-SLAV-NB-33-008,NSS-LAT-SLAV-NB-33-008,ns_similar_nb,3-3,negative,3,True,True,- | - | -
NSS-LAT-SLAV-NB-33-009,NSS-LAT-SLAV-NB-33-009,ns_similar_nb,3-3,negative,3,True,True,- | - | -
NSS-LAT-SLAV-NB-33-010,NSS-LAT-SLAV-NB-33-010,ns_similar_nb,3-3,negative,3,True,True,- | - | -
NSS-LAT-SLAV-NB-33-011,NSS-LAT-SLAV-NB-33-011,ns_similar_nb,3-3,negative,3,True,True,- | - | -
NSS-LAT-SLAV-NB-33-012,NSS-LAT-SLAV-NB-33-012,ns_similar_nb,3-3,negative,3,True,True,- | - | -
NSS-LAT-SLAV-NB-33-013,NSS-LAT-SLAV-NB-33-013,ns_similar_nb,3-3,negative,3,True,True,- | - | -
NSS-LAT-SLAV-NB-33-014,NSS-LAT-SLAV-NB-33-014,ns_similar_nb,3-3,negative,3,True,True,- | - | -
NSS-LAT-SLAV-NB-33-015,NSS-LAT-SLAV-NB-33-015,ns_similar_nb,3-3,negative,3,True,True,- | - | -
NSS-LAT-SLAV-NB-33-016,NSS-LAT-SLAV-NB-33-016,ns_similar_nb,3-3,negative,3,True,True,- | - | -
NSS-LAT-SLAV-NB-33-017,NSS-LAT-SLAV-NB-33-017,ns_similar_nb,3-3,negative,3,True,True,- | - | -
NSS-LAT-SLAV-NB-33-018,NSS-LAT-SLAV-NB-33-018,ns_similar_nb,3-3,negative,3,True,True,- | - | -
NSS-LAT-SLAV-NB-33-019,NSS-LAT-SLAV-NB-33-019,ns_similar_nb,3-3,negative,3,True,True,- | - | -
NSS-LAT-SLAV-NB-33-020,NSS-LAT-SLAV-NB-33-020,ns_similar_nb,3-3,negative,3,True,True,- | - | -
NSS-LAT-SLAV-NB-33-021,NSS-LAT-SLAV-NB-33-021,ns_similar_nb,3-3,negative,3,True,True,- | - | -
NSS-LAT-SLAV-NB-33-022,NSS-LAT-SLAV-NB-33-022,ns_similar_nb,3-3,negative,3,True,True,- | - | -
NSS-LAT-SLAV-NB-33-023,NSS-LAT-SLAV-NB-33-023,ns_similar_nb,3-3,negative,3,True,True,- | - | -
NSS-LAT-SLAV-NB-33-024,NSS-LAT-SLAV-NB-33-024,ns_similar_nb,3-3,negative,3,True,True,- | - | -
NSS-LAT-SLAV-NB-33-025,NSS-LAT-SLAV-NB-33-025,ns_similar_nb,3-3,negative,3,True,True,- | - | -
NSS-LAT-SLAV-NB-33-026,NSS-LAT-SLAV-NB-33-026,ns_similar_nb,3-3,negative,3,True,True,- | - | -
NSS-LAT-SLAV-NB-33-027,NSS-LAT-SLAV-NB-33-027,ns_similar_nb,3-3,negative,3,True,True,- | - | -
NSS-LAT-SLAV-NB-33-028,NSS-LAT-SLAV-NB-33-028,ns_similar_nb,3-3,negative,3,True,True,- | - | -
NSS-LAT-SLAV-NB-33-029,NSS-LAT-SLAV-NB-33-029,ns_similar_nb,3-3,negative,3,True,True,- | - | -
NSS-LAT-SLAV-NB-33-030,NSS-LAT-SLAV-NB-33-030,ns_similar_nb,3-3,negative,3,True,True,- | - | -
NSS-LAT-SLAV-NB-33-031,NSS-LAT-SLAV-NB-33-031,ns_similar_nb,3-3,negative,3,True,True,- | - | -
NSS-LAT-SLAV-NB-33-032,NSS-LAT-SLAV-NB-33-032,ns_similar_nb,3-3,negative,3,True,True,- | - | -
NSS-LAT-SLAV-NB-33-033,NSS-LAT-SLAV-NB-33-033,ns_similar_nb,3-3,negative,3,True,True,- | - | -
NSS-LAT-SLAV-NB-33-034,NSS-LAT-SLAV-NB-33-034,ns_similar_nb,3-3,negative,3,True,True,- | - | -
NSS-LAT-SLAV-NB-33-035,NSS-LAT-SLAV-NB-33-035,ns_similar_nb,3-3,negative,3,True,True,- | - | -
NSS-LAT-SLAV-NB-33-036,NSS-LAT-SLAV-NB-33-036,ns_similar_nb,3-3,negative,3,True,True,- | - | -
NSS-LAT-SLAV-NB-33-037,NSS-LAT-SLAV-NB-33-037,ns_similar_nb,3-3,negative,3,True,True,- | - | -
NSS-LAT-SLAV-NB-33-038,NSS-LAT-SLAV-NB-33-038,ns_similar_nb,3-3,negative,3,True,True,- | - | -
NSS-LAT-SLAV-NB-33-039,NSS-LAT-SLAV-NB-33-039,ns_similar_nb,3-3,negative,3,True,True,- | - | -
NSS-LAT-SLAV-NB-33-040,NSS-LAT-SLAV-NB-33-040,ns_similar_nb,3-3,negative,3,True,True,- | - | -
NSS-LAT-SLAV-NB-33-041,NSS-LAT-SLAV-NB-33-041,ns_similar_nb,3-3,negative,3,True,True,- | - | -
NSS-LAT-SLAV-NB-33-042,NSS-LAT-SLAV-NB-33-042,ns_similar_nb,3-3,negative,3,True,True,- | - | -
NSS-LAT-SLAV-NB-33-043,NSS-LAT-SLAV-NB-33-043,ns_similar_nb,3-3,negative,3,True,True,- | - | -
NSS-LAT-SLAV-NB-33-044,NSS-LAT-SLAV-NB-33-044,ns_similar_nb,3-3,negative,3,True,True,- | - | -
NSS-LAT-SLAV-NB-33-045,NSS-LAT-SLAV-NB-33-045,ns_similar_nb,3-3,negative,3,True,True,- | - | -
NSS-LAT-SLAV-NB-33-046,NSS-LAT-SLAV-NB-33-046,ns_similar_nb,3-3,negative,3,True,True,- | - | -
NSS-LAT-SLAV-NB-33-047,NSS-LAT-SLAV-NB-33-047,ns_similar_nb,3-3,negative,3,True,True,- | - | -
NSS-LAT-SLAV-NB-33-048,NSS-LAT-SLAV-NB-33-048,ns_similar_nb,3-3,negative,3,True,True,- | - | -
NSS-LAT-SLAV-NB-33-049,NSS-LAT-SLAV-NB-33-049,ns_similar_nb,3-3,negative,3,True,True,- | - | -
NSS-LAT-SLAV-NB-33-050,NSS-LAT-SLAV-NB-33-050,ns_similar_nb,3-3,negative,3,True,True,- | - | -
NSS-LAT-SLAV-NB-33-051,NSS-LAT-SLAV-NB-33-051,ns_similar_nb,3-3,negative,3,True,True,- | - | -
NSS-LAT-SLAV-NB-33-052,NSS-LAT-SLAV-NB-33-052,ns_similar_nb,3-3,negative,3,True,True,- | - | -
NSS-LAT-SLAV-NB-33-053,NSS-LAT-SLAV-NB-33-053,ns_similar_nb,3-3,negative,3,True,True,- | - | -
NSS-LAT-SLAV-NB-33-054,NSS-LAT-SLAV-NB-33-054,ns_similar_nb,3-3,negative,3,True,True,- | - | -
NSS-LAT-SLAV-NB-33-055,NSS-LAT-SLAV-NB-33-055,ns_similar_nb,3-3,negative,3,True,True,- | - | -
NSS-LAT-SLAV-NB-33-056,NSS-LAT-SLAV-NB-33-056,ns_similar_nb,3-3,negative,3,True,True,- | - | -
NSS-LAT-SLAV-NB-33-057,NSS-LAT-SLAV-NB-33-057,ns_similar_nb,3-3,negative,3,True,True,- | - | -
NSS-LAT-SLAV-NB-33-058,NSS-LAT-SLAV-NB-33-058,ns_similar_nb,3-3,negative,3,True,True,- | - | -
NSS-LAT-SLAV-NB-33-059,NSS-LAT-SLAV-NB-33-059,ns_similar_nb,3-3,negative,3,True,True,- | - | -
NSS-LAT-SLAV-NB-33-060,NSS-LAT-SLAV-NB-33-060,ns_similar_nb,3-3,negative,3,True,True,- | - | -
NSS-LAT-SLAV-NB-33-061,NSS-LAT-SLAV-NB-33-061,ns_similar_nb,3-3,negative,3,True,True,- | - | -
NSS-LAT-SLAV-NB-33-062,NSS-LAT-SLAV-NB-33-062,ns_similar_nb,3-3,negative,3,True,True,- | - | -
NSS-LAT-SLAV-NB-33-063,NSS-LAT-SLAV-NB-33-063,ns_similar_nb,3-3,negative,3,True,True,- | - | -
NSS-LAT-SLAV-NB-33-064,NSS-LAT-SLAV-NB-33-064,ns_similar_nb,3-3,negative,3,True,True,- | - | -
NSS-LAT-SLAV-NB-33-065,NSS-LAT-SLAV-NB-33-065,ns_similar_nb,3-3,negative,3,True,True,- | - | -
NSS-LAT-SLAV-NB-33-066,NSS-LAT-SLAV-NB-33-066,ns_similar_nb,3-3,negative,3,True,True,- | - | -
NSS-LAT-SLAV-NB-33-067,NSS-LAT-SLAV-NB-33-067,ns_similar_nb,3-3,negative,3,True,True,- | - | -
NSS-LAT-SLAV-NB-33-068,NSS-LAT-SLAV-NB-33-068,ns_similar_nb,3-3,negative,3,True,True,- | - | -
NSS-LAT-SLAV-NB-33-069,NSS-LAT-SLAV-NB-33-069,ns_similar_nb,3-3,negative,3,True,True,- | - | -
NSS-LAT-SLAV-NB-33-070,NSS-LAT-SLAV-NB-33-070,ns_similar_nb,3-3,negative,3,True,True,- | - | -
NSS-LAT-SLAV-NB-33-071,NSS-LAT-SLAV-NB-33-071,ns_similar_nb,3-3,negative,3,True,True,- | - | -
NSS-LAT-SLAV-NB-33-072,NSS-LAT-SLAV-NB-33-072,ns_similar_nb,3-3,negative,3,True,True,- | - | -
NSS-LAT-SLAV-NB-33-073,NSS-LAT-SLAV-NB-33-073,ns_similar_nb,3-3,negative,3,True,True,- | - | -
NSS-LAT-SLAV-NB-33-074,NSS-LAT-SLAV-NB-33-074,ns_similar_nb,3-3,negative,3,True,True,- | - | -
NSS-LAT-SLAV-NB-33-075,NSS-LAT-SLAV-NB-33-075,ns_similar_nb,3-3,negative,3,True,True,- | - | -
NSS-LAT-SLAV-NB-33-076,NSS-LAT-SLAV-NB-33-076,ns_similar_nb,3-3,negative,3,True,True,- | - | -
NSS-LAT-SLAV-NB-33-077,NSS-LAT-SLAV-NB-33-077,ns_similar_nb,3-3,negative,3,True,True,- | - | -
NSS-LAT-SLAV-NB-33-078,NSS-LAT-SLAV-NB-33-078,ns_similar_nb,3-3,negative,3,True,True,- | - | -
NSS-LAT-SLAV-NB-33-079,NSS-LAT-SLAV-NB-33-079,ns_similar_nb,3-3,negative,3,True,True,- | - | -
NSS-LAT-SLAV-NB-33-080,NSS-LAT-SLAV-NB-33-080,ns_similar_nb,3-3,negative,3,True,True,- | - | -
NSS-LAT-SLAV-NB-33-081,NSS-LAT-SLAV-NB-33-081,ns_similar_nb,3-3,negative,3,True,True,- | - | -
NSS-LAT-SLAV-NB-33-082,NSS-LAT-SLAV-NB-33-082,ns_similar_nb,3-3,negative,3,True,True,- | - | -
NSS-LAT-SLAV-NB-33-083,NSS-LAT-SLAV-NB-33-083,ns_similar_nb,3-3,negative,3,True,True,- | - | -
NSS-LAT-SLAV-NB-33-084,NSS-LAT-SLAV-NB-33-084,ns_similar_nb,3-3,negative,3,True,True,- | - | -
NSS-LAT-SLAV-NB-33-085,NSS-LAT-SLAV-NB-33-085,ns_similar_nb,3-3,negative,3,True,True,- | - | -
NSS-LAT-SLAV-NB-33-086,NSS-LAT-SLAV-NB-33-086,ns_similar_nb,3-3,negative,3,True,True,- | - | -
NSS-LAT-SLAV-NB-33-087,NSS-LAT-SLAV-NB-33-087,ns_similar_nb,3-3,negative,3,True,True,- | - | -
NSS-LAT-SLAV-NB-33-088,NSS-LAT-SLAV-NB-33-088,ns_similar_nb,3-3,negative,3,True,True,- | - | -
NSS-LAT-SLAV-NB-33-089,NSS-LAT-SLAV-NB-33-089,ns_similar_nb,3-3,negative,3,True,True,- | - | -
NSS-LAT-SLAV-NB-33-090,NSS-LAT-SLAV-NB-33-090,ns_similar_nb,3-3,negative,3,True,True,- | - | -
NSS-LAT-SLAV-NB-33-091,NSS-LAT-SLAV-NB-33-091,ns_similar_nb,3-3,negative,3,True,True,- | - | -
NSS-LAT-SLAV-NB-33-092,NSS-LAT-SLAV-NB-33-092,ns_similar_nb,3-3,negative,3,True,True,- | - | -
NSS-LAT-SLAV-NB-33-093,NSS-LAT-SLAV-NB-33-093,ns_similar_nb,3-3,negative,3,True,True,- | - | -
NSS-LAT-SLAV-NB-33-094,NSS-LAT-SLAV-NB-33-094,ns_similar_nb,3-3,negative,3,True,True,- | - | -
NSS-LAT-SLAV-NB-33-095,NSS-LAT-SLAV-NB-33-095,ns_similar_nb,3-3,negative,3,True,True,- | - | -
NSS-LAT-SLAV-NB-33-096,NSS-LAT-SLAV-NB-33-096,ns_similar_nb,3-3,negative,3,True,True,- | - | -
NSS-LAT-SLAV-NB-33-097,NSS-LAT-SLAV-NB-33-097,ns_similar_nb,3-3,negative,3,True,True,- | - | -
NSS-LAT-SLAV-NB-33-098,NSS-LAT-SLAV-NB-33-098,ns_similar_nb,3-3,negative,3,True,True,- | - | -
NSS-LAT-SLAV-NB-33-099,NSS-LAT-SLAV-NB-33-099,ns_similar_nb,3-3,negative,3,True,True,- | - | -
NSS-LAT-SLAV-NB-33-100,NSS-LAT-SLAV-NB-33-100,ns_similar_nb,3-3,negative,3,True,True,- | - | -
NSS-LAT-SLAV-NB-33-101,NSS-LAT-SLAV-NB-33-101,ns_similar_nb,3-3,negative,3,True,True,- | - | -
NSS-LAT-SLAV-NB-33-102,NSS-LAT-SLAV-NB-33-102,ns_similar_nb,3-3,negative,3,True,True,- | - | -
NSS-LAT-SLAV-NB-33-103,NSS-LAT-SLAV-NB-33-103,ns_similar_nb,3-3,negative,3,True,True,- | - | -
NSS-LAT-SLAV-NB-33-104,NSS-LAT-SLAV-NB-33-104,ns_similar_nb,3-3,negative,3,True,True,- | - | -
NSS-LAT-SLAV-NB-33-105,NSS-LAT-SLAV-NB-33-105,ns_similar_nb,3-3,negative,3,True,True,- | - | -
NSS-LAT-SLAV-NB-33-106,NSS-LAT-SLAV-NB-33-106,ns_similar_nb,3-3,negative,3,True,True,- | - | -
NSS-LAT-SLAV-NB-33-107,NSS-LAT-SLAV-NB-33-107,ns_similar_nb,3-3,negative,3,True,True,- | - | -
NSS-LAT-SLAV-NB-33-108,NSS-LAT-SLAV-NB-33-108,ns_similar_nb,3-3,negative,3,True,True,- | - | -
NSS-LAT-SLAV-NB-33-109,NSS-LAT-SLAV-NB-33-109,ns_similar_nb,3-3,negative,3,True,True,- | - | -
NSS-LAT-SLAV-NB-33-110,NSS-LAT-SLAV-NB-33-110,ns_similar_nb,3-3,negative,3,True,True,- | - | -
NSS-LAT-SLAV-NB-33-111,NSS-LAT-SLAV-NB-33-111,ns_similar_nb,3-3,negative,3,True,True,- | - | -
NSS-LAT-SLAV-NB-33-112,NSS-LAT-SLAV-NB-33-112,ns_similar_nb,3-3,negative,3,True,True,- | - | -
NSS-LAT-SLAV-NB-33-113,NSS-LAT-SLAV-NB-33-113,ns_similar_nb,3-3,negative,3,True,True,- | - | -
NSS-LAT-SLAV-NB-33-114,NSS-LAT-SLAV-NB-33-114,ns_similar_nb,3-3,negative,3,True,True,- | - | -
NSS-LAT-SLAV-NB-33-115,NSS-LAT-SLAV-NB-33-115,ns_similar_nb,3-3,negative,3,True,True,- | - | -
NSS-LAT-SLAV-NB-33-116,NSS-LAT-SLAV-NB-33-116,ns_similar_nb,3-3,negative,3,True,True,- | - | -
NSS-LAT-SLAV-NB-33-117,NSS-LAT-SLAV-NB-33-117,ns_similar_nb,3-3,negative,3,True,True,- | - | -
NSS-LAT-SLAV-NB-33-118,NSS-LAT-SLAV-NB-33-118,ns_similar_nb,3-3,negative,3,True,True,- | - | -
NSS-LAT-SLAV-NB-33-119,NSS-LAT-SLAV-NB-33-119,ns_similar_nb,3-3,negative,3,True,True,- | - | -
NSS-LAT-SLAV-NB-33-120,NSS-LAT-SLAV-NB-33-120,ns_similar_nb,3-3,negative,3,True,True,- | - | -
NSS-LAT-SLAV-NB-33-121,NSS-LAT-SLAV-NB-33-121,ns_similar_nb,3-3,negative,3,True,True,- | - | -
NSS-LAT-SLAV-NB-33-122,NSS-LAT-SLAV-NB-33-122,ns_similar_nb,3-3,negative,3,True,True,- | - | -
NSS-LAT-SLAV-NB-33-123,NSS-LAT-SLAV-NB-33-123,ns_similar_nb,3-3,negative,3,True,True,- | - | -
NSS-LAT-SLAV-NB-33-124,NSS-LAT-SLAV-NB-33-124,ns_similar_nb,3-3,negative,3,True,True,- | - | -
NSS-LAT-SLAV-NB-33-125,NSS-LAT-SLAV-NB-33-125,ns_similar_nb,3-3,negative,3,True,True,- | - | -
NSS-LAT-SLAV-NB-33-126,NSS-LAT-SLAV-NB-33-126,ns_similar_nb,3-3,negative,3,True,True,- | - | -
NSS-LAT-SLAV-NB-33-127,NSS-LAT-SLAV-NB-33-127,ns_similar_nb,3-3,negative,3,True,True,- | - | -
NSS-LAT-SLAV-NB-33-128,NSS-LAT-SLAV-NB-33-128,ns_similar_nb,3-3,negative,3,True,True,- | - | -
NSS-LAT-SLAV-NB-33-129,NSS-LAT-SLAV-NB-33-129,ns_similar_nb,3-3,negative,3,True,True,- | - | -
NSS-LAT-SLAV-NB-33-130,NSS-LAT-SLAV-NB-33-130,ns_similar_nb,3-3,negative,3,True,True,- | - | -
NSS-LAT-SLAV-NB-33-131,NSS-LAT-SLAV-NB-33-131,ns_similar_nb,3-3,negative,3,True,True,- | - | -
NSS-LAT-SLAV-NB-33-132,NSS-LAT-SLAV-NB-33-132,ns_similar_nb,3-3,negative,3,True,True,- | - | -
NSS-LAT-SLAV-NB-33-133,NSS-LAT-SLAV-NB-33-133,ns_similar_nb,3-3,negative,3,True,True,- | - | -
NSS-LAT-SLAV-NB-33-134,NSS-LAT-SLAV-NB-33-134,ns_similar_nb,3-3,negative,3,True,True,- | - | -
NSS-LAT-SLAV-NB-33-135,NSS-LAT-SLAV-NB-33-135,ns_similar_nb,3-3,negative,3,True,True,- | - | -
NSS-LAT-SLAV-NB-33-136,NSS-LAT-SLAV-NB-33-136,ns_similar_nb,3-3,negative,3,True,True,- | - | -
NSS-LAT-SLAV-NB-33-137,NSS-LAT-SLAV-NB-33-137,ns_similar_nb,3-3,negative,3,True,True,- | - | -
NSS-LAT-SLAV-NB-33-138,NSS-LAT-SLAV-NB-33-138,ns_similar_nb,3-3,negative,3,True,True,- | - | -
NSS-LAT-SLAV-NB-33-139,NSS-LAT-SLAV-NB-33-139,ns_similar_nb,3-3,negative,3,True,True,- | - | -
NSS-LAT-SLAV-NB-33-140,NSS-LAT-SLAV-NB-33-140,ns_similar_nb,3-3,negative,3,True,True,- | - | -
NSS-LAT-SLAV-NB-33-141,NSS-LAT-SLAV-NB-33-141,ns_similar_nb,3-3,negative,3,True,True,- | - | -
NSS-LAT-SLAV-NB-33-142,NSS-LAT-SLAV-NB-33-142,ns_similar_nb,3-3,negative,3,True,True,- | - | -
NSS-LAT-SLAV-NB-33-143,NSS-LAT-SLAV-NB-33-143,ns_similar_nb,3-3,negative,3,True,True,- | - | -
NSS-LAT-SLAV-NB-33-144,NSS-LAT-SLAV-NB-33-144,ns_similar_nb,3-3,negative,3,True,True,- | - | -
NSS-LAT-SLAV-NB-33-145,NSS-LAT-SLAV-NB-33-145,ns_similar_nb,3-3,negative,3,True,True,- | - | -
NSS-LAT-SLAV-NB-33-146,NSS-LAT-SLAV-NB-33-146,ns_similar_nb,3-3,negative,3,True,True,- | - | -
NSS-LAT-SLAV-NB-33-147,NSS-LAT-SLAV-NB-33-147,ns_similar_nb,3-3,negative,3,True,True,- | - | -
NSS-LAT-SLAV-NB-33-148,NSS-LAT-SLAV-NB-33-148,ns_similar_nb,3-3,negative,3,True,True,- | - | -
NSS-LAT-SLAV-NB-33-149,NSS-LAT-SLAV-NB-33-149,ns_similar_nb,3-3,negative,3,True,True,- | - | -
NSS-LAT-SLAV-NB-33-150,NSS-LAT-SLAV-NB-33-150,ns_similar_nb,3-3,negative,3,True,True,- | - | -
S-LAT-SLAV32-001,S-LAT-SLAV32-001,lat,3-2,positive,3,True,True,36763 | 36763 | 36763
S-LAT-SLAV32-002,S-LAT-SLAV32-002,lat,3-2,positive,3,True,True,44540 | 44540 | 44540
S-LAT-SLAV32-003,S-LAT-SLAV32-003,lat,3-2,positive,3,True,True,32745 | 32745 | 32745
S-LAT-SLAV32-004,S-LAT-SLAV32-004,lat,3-2,positive,3,True,True,37844 | 37844 | 37844
S-LAT-SLAV32-005,S-LAT-SLAV32-005,lat,3-2,positive,3,True,True,30517 | 30517 | 30517
S-LAT-SLAV32-006,S-LAT-SLAV32-006,lat,3-2,positive,3,True,True,50216 | 50216 | 50216
S-LAT-SLAV32-007,S-LAT-SLAV32-007,lat,3-2,positive,3,True,True,42196 | 42196 | 42196
S-LAT-SLAV32-008,S-LAT-SLAV32-008,lat,3-2,positive,3,True,True,35226 | 35226 | 35226
S-LAT-SLAV32-009,S-LAT-SLAV32-009,lat,3-2,positive,3,True,True,20920 | 20920 | 20920
S-LAT-SLAV32-010,S-LAT-SLAV32-010,lat,3-2,positive,3,True,True,35399 | 35399 | 35399
S-LAT-SLAV32-011,S-LAT-SLAV32-011,lat,3-2,positive,3,True,True,35414 | 35414 | 35414
S-LAT-SLAV32-012,S-LAT-SLAV32-012,lat,3-2,positive,3,True,True,45862 | 45862 | 45862
S-LAT-SLAV32-013,S-LAT-SLAV32-013,lat,3-2,positive,3,True,True,34577 | 34577 | 34577
S-LAT-SLAV32-014,S-LAT-SLAV32-014,lat,3-2,positive,3,True,True,37812 | 37812 | 37812
S-LAT-SLAV32-015,S-LAT-SLAV32-015,lat,3-2,positive,3,True,True,37853 | 37853 | 37853
S-LAT-SLAV32-016,S-LAT-SLAV32-016,lat,3-2,positive,3,True,True,37178 | 37178 | 37178
S-LAT-SLAV32-017,S-LAT-SLAV32-017,lat,3-2,positive,3,True,True,48774 | 48774 | 48774
S-LAT-SLAV32-018,S-LAT-SLAV32-018,lat,3-2,positive,3,True,True,37116 | 37116 | 37116
S-LAT-SLAV32-019,S-LAT-SLAV32-019,lat,3-2,positive,3,True,True,50272 | 50272 | 50272
S-LAT-SLAV32-020,S-LAT-SLAV32-020,lat,3-2,positive,3,True,True,39215 | 39215 | 39215
S-LAT-SLAV32-021,S-LAT-SLAV32-021,lat,3-2,positive,3,True,True,50230 | 50230 | 50230
S-LAT-SLAV32-022,S-LAT-SLAV32-022,lat,3-2,positive,3,True,True,35463 | 35463 | 35463
S-LAT-SLAV32-023,S-LAT-SLAV32-023,lat,3-2,positive,3,True,True,51948 | 51948 | 51948
S-LAT-SLAV32-024,S-LAT-SLAV32-024,lat,3-2,positive,3,True,True,45702 | 45702 | 45702
S-LAT-SLAV32-025,S-LAT-SLAV32-025,lat,3-2,positive,3,True,True,31454 | 31454 | 31454
S-LAT-SLAV32-026,S-LAT-SLAV32-026,lat,3-2,positive,3,True,True,35610 | 35610 | 35610
S-LAT-SLAV32-027,S-LAT-SLAV32-027,lat,3-2,positive,3,True,True,35013 | 35013 | 35013
S-LAT-SLAV32-028,S-LAT-SLAV32-028,lat,3-2,positive,3,True,True,51852 | 51852 | 51852
S-LAT-SLAV32-029,S-LAT-SLAV32-029,lat,3-2,positive,3,True,True,50404 | 50404 | 50404
S-LAT-SLAV32-030,S-LAT-SLAV32-030,lat,3-2,positive,3,True,True,35501 | 35501 | 35501
S-LAT-SLAV32-031,S-LAT-SLAV32-031,lat,3-2,positive,3,True,True,34658 | 34658 | 34658
S-LAT-SLAV32-032,S-LAT-SLAV32-032,lat,3-2,positive,3,True,True,37003 | 37003 | 37003
S-LAT-SLAV32-033,S-LAT-SLAV32-033,lat,3-2,positive,3,True,True,48767 | 48767 | 48767
S-LAT-SLAV32-034,S-LAT-SLAV32-034,lat,3-2,positive,3,True,True,36793 | 36793 | 36793
S-LAT-SLAV32-035,S-LAT-SLAV32-035,lat,3-2,positive,3,True,True,38078 | 38078 | 38078
S-LAT-SLAV32-036,S-LAT-SLAV32-036,lat,3-2,positive,3,True,True,36792 | 36792 | 36792
S-LAT-SLAV32-037,S-LAT-SLAV32-037,lat,3-2,positive,3,True,True,35603 | 35603 | 35603
S-LAT-SLAV32-038,S-LAT-SLAV32-038,lat,3-2,positive,3,True,True,"26671,36786 | 26671,36786 | 26671,36786"
S-LAT-SLAV32-039,S-LAT-SLAV32-039,lat,3-2,positive,3,True,True,9761 | 9761 | 9761
S-LAT-SLAV32-040,S-LAT-SLAV32-040,lat,3-2,positive,3,True,True,36798 | 36798 | 36798
S-LAT-SLAV32-041,S-LAT-SLAV32-041,lat,3-2,positive,3,True,True,35630 | 35630 | 35630
S-LAT-SLAV32-042,S-LAT-SLAV32-042,lat,3-2,positive,3,True,True,35620 | 35620 | 35620
S-LAT-SLAV32-043,S-LAT-SLAV32-043,lat,3-2,positive,3,True,True,41439 | 41439 | 41439
S-LAT-SLAV32-044,S-LAT-SLAV32-044,lat,3-2,positive,3,True,True,22411 | 22411 | 22411
S-LAT-SLAV32-045,S-LAT-SLAV32-045,lat,3-2,positive,3,True,True,31950 | 31950 | 31950
S-LAT-SLAV32-046,S-LAT-SLAV32-046,lat,3-2,positive,3,True,True,36996 | 36996 | 36996
S-LAT-SLAV32-047,S-LAT-SLAV32-047,lat,3-2,positive,3,True,True,35639 | 35639 | 35639
S-LAT-SLAV32-048,S-LAT-SLAV32-048,lat,3-2,positive,3,True,True,30545 | 30545 | 30545
S-LAT-SLAV32-049,S-LAT-SLAV32-049,lat,3-2,positive,3,True,True,44882 | 44882 | 44882
S-LAT-SLAV32-050,S-LAT-SLAV32-050,lat,3-2,positive,3,True,True,37841 | 37841 | 37841
S-LAT-SLAV32-051,S-LAT-SLAV32-051,lat,3-2,positive,3,True,True,37328 | 37328 | 37328
S-LAT-SLAV32-052,S-LAT-SLAV32-052,lat,3-2,positive,3,True,True,41050 | 41050 | 41050
S-LAT-SLAV32-053,S-LAT-SLAV32-053,lat,3-2,positive,3,True,True,39212 | 39212 | 39212
S-LAT-SLAV32-054,S-LAT-SLAV32-054,lat,3-2,positive,3,True,True,40119 | 40119 | 40119
S-LAT-SLAV32-055,S-LAT-SLAV32-055,lat,3-2,positive,3,True,True,35242 | 35242 | 35242
S-LAT-SLAV32-056,S-LAT-SLAV32-056,lat,3-2,positive,3,True,True,36809 | 36809 | 36809
S-LAT-SLAV32-057,S-LAT-SLAV32-057,lat,3-2,positive,3,True,True,16949 | 16949 | 16949
S-LAT-SLAV32-058,S-LAT-SLAV32-058,lat,3-2,positive,3,True,True,36803 | 36803 | 36803
S-LAT-SLAV32-059,S-LAT-SLAV32-059,lat,3-2,positive,3,True,True,36483 | 36483 | 36483
S-LAT-SLAV32-060,S-LAT-SLAV32-060,lat,3-2,positive,3,True,True,37335 | 37335 | 37335
S-LAT-SLAV32-061,S-LAT-SLAV32-061,lat,3-2,positive,3,True,True,37337 | 37337 | 37337
S-LAT-SLAV32-062,S-LAT-SLAV32-062,lat,3-2,positive,3,True,True,37729 | 37729 | 37729
S-LAT-SLAV32-063,S-LAT-SLAV32-063,lat,3-2,positive,3,True,True,36480 | 36480 | 36480
S-LAT-SLAV32-064,S-LAT-SLAV32-064,lat,3-2,positive,3,True,True,51957 | 51957 | 51957
S-LAT-SLAV32-065,S-LAT-SLAV32-065,lat,3-2,positive,3,True,True,35672 | 35672 | 35672
S-LAT-SLAV32-066,S-LAT-SLAV32-066,lat,3-2,positive,3,True,True,35676 | 35676 | 35676
S-LAT-SLAV32-067,S-LAT-SLAV32-067,lat,3-2,positive,3,True,True,40572 | 40572 | 40572
S-LAT-SLAV32-068,S-LAT-SLAV32-068,lat,3-2,positive,3,True,True,37340 | 37340 | 37340
S-LAT-SLAV32-069,S-LAT-SLAV32-069,lat,3-2,positive,3,True,True,44142 | 44142 | 44142
S-LAT-SLAV32-070,S-LAT-SLAV32-070,lat,3-2,positive,3,True,True,35398 | 35398 | 35398
S-LAT-SLAV32-071,S-LAT-SLAV32-071,lat,3-2,positive,3,True,True,33401 | 33401 | 33401
S-LAT-SLAV32-072,S-LAT-SLAV32-072,lat,3-2,positive,3,True,True,38616 | 38616 | 38616
S-LAT-SLAV32-073,S-LAT-SLAV32-073,lat,3-2,positive,3,True,True,41051 | 41051 | 41051
S-LAT-SLAV32-074,S-LAT-SLAV32-074,lat,3-2,positive,3,True,True,16670 | 16670 | 16670
S-LAT-SLAV32-075,S-LAT-SLAV32-075,lat,3-2,positive,3,True,True,50973 | 50973 | 50973
S-LAT-SLAV32-076,S-LAT-SLAV32-076,lat,3-2,positive,3,True,True,36829 | 36829 | 36829
S-LAT-SLAV32-077,S-LAT-SLAV32-077,lat,3-2,positive,3,True,True,35766 | 35766 | 35766
S-LAT-SLAV32-078,S-LAT-SLAV32-078,lat,3-2,positive,3,True,True,40661 | 40661 | 40661
S-LAT-SLAV32-079,S-LAT-SLAV32-079,lat,3-2,positive,3,True,True,36836 | 36836 | 36836
S-LAT-SLAV32-080,S-LAT-SLAV32-080,lat,3-2,positive,3,True,True,40240 | 40240 | 40240
S-LAT-SLAV32-081,S-LAT-SLAV32-081,lat,3-2,positive,3,True,True,50603 | 50603 | 50603
S-LAT-SLAV32-082,S-LAT-SLAV32-082,lat,3-2,positive,3,True,True,36837 | 36837 | 36837
S-LAT-SLAV32-083,S-LAT-SLAV32-083,lat,3-2,positive,3,True,True,47779 | 47779 | 47779
S-LAT-SLAV32-084,S-LAT-SLAV32-084,lat,3-2,positive,3,True,True,35691 | 35691 | 35691
S-LAT-SLAV32-085,S-LAT-SLAV32-085,lat,3-2,positive,3,True,True,35421 | 35421 | 35421
S-LAT-SLAV32-086,S-LAT-SLAV32-086,lat,3-2,positive,3,True,True,37177 | 37177 | 37177
S-LAT-SLAV32-087,S-LAT-SLAV32-087,lat,3-2,positive,3,True,True,38799 | 38799 | 38799
S-LAT-SLAV32-088,S-LAT-SLAV32-088,lat,3-2,positive,3,True,True,48855 | 48855 | 48855
S-LAT-SLAV32-089,S-LAT-SLAV32-089,lat,3-2,positive,3,True,True,35027 | 35027 | 35027
S-LAT-SLAV32-090,S-LAT-SLAV32-090,lat,3-2,positive,3,True,True,31671 | 31671 | 31671
S-LAT-SLAV32-091,S-LAT-SLAV32-091,lat,3-2,positive,3,True,True,35404 | 35404 | 35404
S-LAT-SLAV32-092,S-LAT-SLAV32-092,lat,3-2,positive,3,True,True,37363 | 37363 | 37363
S-LAT-SLAV32-093,S-LAT-SLAV32-093,lat,3-2,positive,3,True,True,42874 | 42874 | 42874
S-LAT-SLAV32-094,S-LAT-SLAV32-094,lat,3-2,positive,3,True,True,35715 | 35715 | 35715
S-LAT-SLAV32-095,S-LAT-SLAV32-095,lat,3-2,positive,3,True,True,36957 | 36957 | 36957
S-LAT-SLAV32-096,S-LAT-SLAV32-096,lat,3-2,positive,3,True,True,36054 | 36054 | 36054
S-LAT-SLAV32-097,S-LAT-SLAV32-097,lat,3-2,positive,3,True,True,16673 | 16673 | 16673
S-LAT-SLAV32-098,S-LAT-SLAV32-098,lat,3-2,positive,3,True,True,39208 | 39208 | 39208
S-LAT-SLAV32-099,S-LAT-SLAV32-099,lat,3-2,positive,3,True,True,35530 | 35530 | 35530
S-LAT-SLAV32-100,S-LAT-SLAV32-100,lat,3-2,positive,3,True,True,35781 | 35781 | 35781
S-LAT-SLAV32-101,S-LAT-SLAV32-101,lat,3-2,positive,3,True,True,43538 | 43538 | 43538
S-LAT-SLAV32-102,S-LAT-SLAV32-102,lat,3-2,positive,3,True,True,35528 | 35528 | 35528
S-LAT-SLAV32-103,S-LAT-SLAV32-103,lat,3-2,positive,3,True,True,52260 | 52260 | 52260
S-LAT-SLAV32-104,S-LAT-SLAV32-104,lat,3-2,positive,3,True,True,50233 | 50233 | 50233
S-LAT-SLAV32-105,S-LAT-SLAV32-105,lat,3-2,positive,3,True,True,48859 | 48859 | 48859
S-LAT-SLAV32-106,S-LAT-SLAV32-106,lat,3-2,positive,3,True,True,16692 | 16692 | 16692
S-LAT-SLAV32-107,S-LAT-SLAV32-107,lat,3-2,positive,3,True,True,43094 | 43094 | 43094
S-LAT-SLAV32-108,S-LAT-SLAV32-108,lat,3-2,positive,3,True,True,37733 | 37733 | 37733
S-LAT-SLAV32-109,S-LAT-SLAV32-109,lat,3-2,positive,3,True,True,35484 | 35484 | 35484
S-LAT-SLAV32-110,S-LAT-SLAV32-110,lat,3-2,positive,3,True,True,36865 | 36865 | 36865
S-LAT-SLAV32-111,S-LAT-SLAV32-111,lat,3-2,positive,3,True,True,46549 | 46549 | 46549
S-LAT-SLAV32-112,S-LAT-SLAV32-112,lat,3-2,positive,3,True,True,35173 | 35173 | 35173
S-LAT-SLAV32-113,S-LAT-SLAV32-113,lat,3-2,positive,3,True,True,49515 | 49515 | 49515
S-LAT-SLAV32-114,S-LAT-SLAV32-114,lat,3-2,positive,3,True,True,46784 | 46784 | 46784
S-LAT-SLAV32-115,S-LAT-SLAV32-115,lat,3-2,positive,3,True,True,32751 | 32751 | 32751
S-LAT-SLAV32-116,S-LAT-SLAV32-116,lat,3-2,positive,3,True,True,35393 | 35393 | 35393
S-LAT-SLAV32-117,S-LAT-SLAV32-117,lat,3-2,positive,3,True,True,41001 | 41001 | 41001
S-LAT-SLAV32-118,S-LAT-SLAV32-118,lat,3-2,positive,3,True,True,35521 | 35521 | 35521
S-LAT-SLAV32-119,S-LAT-SLAV32-119,lat,3-2,positive,3,True,True,16710 | 16710 | 16710
S-LAT-SLAV32-120,S-LAT-SLAV32-120,lat,3-2,positive,3,True,True,10138 | 10138 | 10138
S-LAT-SLAV32-121,S-LAT-SLAV32-121,lat,3-2,positive,3,True,True,35517 | 35517 | 35517
S-LAT-SLAV32-122,S-LAT-SLAV32-122,lat,3-2,positive,3,True,True,45913 | 45913 | 45913
S-LAT-SLAV32-123,S-LAT-SLAV32-123,lat,3-2,positive,3,True,True,36478 | 36478 | 36478
S-LAT-SLAV32-124,S-LAT-SLAV32-124,lat,3-2,positive,3,True,True,35413 | 35413 | 35413
S-LAT-SLAV32-125,S-LAT-SLAV32-125,lat,3-2,positive,3,True,True,16655 | 16655 | 16655
S-LAT-SLAV32-126,S-LAT-SLAV32-126,lat,3-2,positive,3,True,True,41055 | 41055 | 41055
S-LAT-SLAV32-127,S-LAT-SLAV32-127,lat,3-2,positive,3,True,True,45821 | 45821 | 45821
S-LAT-SLAV32-128,S-LAT-SLAV32-128,lat,3-2,positive,3,True,True,35442 | 35442 | 35442
S-LAT-SLAV32-129,S-LAT-SLAV32-129,lat,3-2,positive,3,True,True,45060 | 45060 | 45060
S-LAT-SLAV32-130,S-LAT-SLAV32-130,lat,3-2,positive,3,True,True,33023 | 33023 | 33023
S-LAT-SLAV32-131,S-LAT-SLAV32-131,lat,3-2,positive,3,True,True,35511 | 35511 | 35511
S-LAT-SLAV32-132,S-LAT-SLAV32-132,lat,3-2,positive,3,True,True,41037 | 41037 | 41037
S-LAT-SLAV32-133,S-LAT-SLAV32-133,lat,3-2,positive,3,True,True,40244 | 40244 | 40244
S-LAT-SLAV32-134,S-LAT-SLAV32-134,lat,3-2,positive,3,True,True,35505 | 35505 | 35505
S-LAT-SLAV32-135,S-LAT-SLAV32-135,lat,3-2,positive,3,True,True,26723 | 26723 | 26723
S-LAT-SLAV32-136,S-LAT-SLAV32-136,lat,3-2,positive,3,True,True,47787 | 47787 | 47787
S-LAT-SLAV32-137,S-LAT-SLAV32-137,lat,3-2,positive,3,True,True,38158 | 38158 | 38158
S-LAT-SLAV32-138,S-LAT-SLAV32-138,lat,3-2,positive,3,True,True,36884 | 36884 | 36884
S-LAT-SLAV32-139,S-LAT-SLAV32-139,lat,3-2,positive,3,True,True,35580 | 35580 | 35580
S-LAT-SLAV32-140,S-LAT-SLAV32-140,lat,3-2,positive,3,True,True,37303 | 37303 | 37303
S-LAT-SLAV32-141,S-LAT-SLAV32-141,lat,3-2,positive,3,True,True,52616 | 52616 | 52616
S-LAT-SLAV32-142,S-LAT-SLAV32-142,lat,3-2,positive,3,True,True,"34976,39784 | 34976,39784 | 34976,39784"
S-LAT-SLAV32-143,S-LAT-SLAV32-143,lat,3-2,positive,3,True,True,48879 | 48879 | 48879
S-LAT-SLAV32-144,S-LAT-SLAV32-144,lat,3-2,positive,3,True,True,22404 | 22404 | 22404
S-LAT-SLAV32-145,S-LAT-SLAV32-145,lat,3-2,positive,3,True,True,16667 | 16667 | 16667
S-LAT-SLAV32-146,S-LAT-SLAV32-146,lat,3-2,positive,3,True,True,40133 | 40133 | 40133
S-LAT-SLAV32-147,S-LAT-SLAV32-147,lat,3-2,positive,3,True,True,16601 | 16601 | 16601
S-LAT-SLAV32-148,S-LAT-SLAV32-148,lat,3-2,positive,3,True,True,35451 | 35451 | 35451
S-LAT-SLAV32-149,S-LAT-SLAV32-149,lat,3-2,positive,3,True,True,9762 | 9762 | 9762
S-LAT-SLAV32-150,S-LAT-SLAV32-150,lat,3-2,positive,3,True,True,36896 | 36896 | 36896
S-LAT-SLAV33-001,S-LAT-SLAV33-001,lat,3-3,positive,3,True,True,36763 | 36763 | 36763
S-LAT-SLAV33-002,S-LAT-SLAV33-002,lat,3-3,positive,3,True,True,44540 | 44540 | 44540
S-LAT-SLAV33-003,S-LAT-SLAV33-003,lat,3-3,positive,3,True,True,32745 | 32745 | 32745
S-LAT-SLAV33-004,S-LAT-SLAV33-004,lat,3-3,positive,3,True,True,37844 | 37844 | 37844
S-LAT-SLAV33-005,S-LAT-SLAV33-005,lat,3-3,positive,3,True,True,30517 | 30517 | 30517
S-LAT-SLAV33-006,S-LAT-SLAV33-006,lat,3-3,positive,3,True,True,50216 | 50216 | 50216
S-LAT-SLAV33-007,S-LAT-SLAV33-007,lat,3-3,positive,3,True,True,42196 | 42196 | 42196
S-LAT-SLAV33-008,S-LAT-SLAV33-008,lat,3-3,positive,3,True,True,35226 | 35226 | 35226
S-LAT-SLAV33-009,S-LAT-SLAV33-009,lat,3-3,positive,3,True,True,20920 | 20920 | 20920
S-LAT-SLAV33-010,S-LAT-SLAV33-010,lat,3-3,positive,3,True,True,35399 | 35399 | 35399
S-LAT-SLAV33-011,S-LAT-SLAV33-011,lat,3-3,positive,3,True,True,35414 | 35414 | 35414
S-LAT-SLAV33-012,S-LAT-SLAV33-012,lat,3-3,positive,3,True,True,45862 | 45862 | 45862
S-LAT-SLAV33-013,S-LAT-SLAV33-013,lat,3-3,positive,3,True,True,34577 | 34577 | 34577
S-LAT-SLAV33-014,S-LAT-SLAV33-014,lat,3-3,positive,3,True,True,37812 | 37812 | 37812
S-LAT-SLAV33-015,S-LAT-SLAV33-015,lat,3-3,positive,3,True,True,37853 | 37853 | 37853
S-LAT-SLAV33-016,S-LAT-SLAV33-016,lat,3-3,positive,3,True,True,37178 | 37178 | 37178
S-LAT-SLAV33-017,S-LAT-SLAV33-017,lat,3-3,positive,3,True,True,48774 | 48774 | 48774
S-LAT-SLAV33-018,S-LAT-SLAV33-018,lat,3-3,positive,3,True,True,37116 | 37116 | 37116
S-LAT-SLAV33-019,S-LAT-SLAV33-019,lat,3-3,positive,3,True,True,50272 | 50272 | 50272
S-LAT-SLAV33-020,S-LAT-SLAV33-020,lat,3-3,positive,3,True,True,39215 | 39215 | 39215
S-LAT-SLAV33-021,S-LAT-SLAV33-021,lat,3-3,positive,3,True,True,50230 | 50230 | 50230
S-LAT-SLAV33-022,S-LAT-SLAV33-022,lat,3-3,positive,3,True,True,35463 | 35463 | 35463
S-LAT-SLAV33-023,S-LAT-SLAV33-023,lat,3-3,positive,3,True,True,51948 | 51948 | 51948
S-LAT-SLAV33-024,S-LAT-SLAV33-024,lat,3-3,positive,3,True,True,45702 | 45702 | 45702
S-LAT-SLAV33-025,S-LAT-SLAV33-025,lat,3-3,positive,3,True,True,31454 | 31454 | 31454
S-LAT-SLAV33-026,S-LAT-SLAV33-026,lat,3-3,positive,3,True,True,35610 | 35610 | 35610
S-LAT-SLAV33-027,S-LAT-SLAV33-027,lat,3-3,positive,3,True,True,35013 | 35013 | 35013
S-LAT-SLAV33-028,S-LAT-SLAV33-028,lat,3-3,positive,3,True,True,51852 | 51852 | 51852
S-LAT-SLAV33-029,S-LAT-SLAV33-029,lat,3-3,positive,3,True,True,50404 | 50404 | 50404
S-LAT-SLAV33-030,S-LAT-SLAV33-030,lat,3-3,positive,3,True,True,35501 | 35501 | 35501
S-LAT-SLAV33-031,S-LAT-SLAV33-031,lat,3-3,positive,3,True,True,34658 | 34658 | 34658
S-LAT-SLAV33-032,S-LAT-SLAV33-032,lat,3-3,positive,3,True,True,37003 | 37003 | 37003
S-LAT-SLAV33-033,S-LAT-SLAV33-033,lat,3-3,positive,3,True,True,48767 | 48767 | 48767
S-LAT-SLAV33-034,S-LAT-SLAV33-034,lat,3-3,positive,3,True,True,36793 | 36793 | 36793
S-LAT-SLAV33-035,S-LAT-SLAV33-035,lat,3-3,positive,3,True,True,38078 | 38078 | 38078
S-LAT-SLAV33-036,S-LAT-SLAV33-036,lat,3-3,positive,3,True,True,36792 | 36792 | 36792
S-LAT-SLAV33-037,S-LAT-SLAV33-037,lat,3-3,positive,3,True,True,35603 | 35603 | 35603
S-LAT-SLAV33-038,S-LAT-SLAV33-038,lat,3-3,positive,3,True,True,36786 | 36786 | 36786
S-LAT-SLAV33-039,S-LAT-SLAV33-039,lat,3-3,positive,3,True,True,9761 | 9761 | 9761
S-LAT-SLAV33-040,S-LAT-SLAV33-040,lat,3-3,positive,3,True,True,36798 | 36798 | 36798
S-LAT-SLAV33-041,S-LAT-SLAV33-041,lat,3-3,positive,3,True,True,35630 | 35630 | 35630
S-LAT-SLAV33-042,S-LAT-SLAV33-042,lat,3-3,positive,3,True,True,35620 | 35620 | 35620
S-LAT-SLAV33-043,S-LAT-SLAV33-043,lat,3-3,positive,3,True,True,41439 | 41439 | 41439
S-LAT-SLAV33-044,S-LAT-SLAV33-044,lat,3-3,positive,3,True,True,22411 | 22411 | 22411
S-LAT-SLAV33-045,S-LAT-SLAV33-045,lat,3-3,positive,3,True,True,31950 | 31950 | 31950
S-LAT-SLAV33-046,S-LAT-SLAV33-046,lat,3-3,positive,3,True,True,36996 | 36996 | 36996
S-LAT-SLAV33-047,S-LAT-SLAV33-047,lat,3-3,positive,3,True,True,35639 | 35639 | 35639
S-LAT-SLAV33-048,S-LAT-SLAV33-048,lat,3-3,positive,3,True,True,30545 | 30545 | 30545
S-LAT-SLAV33-049,S-LAT-SLAV33-049,lat,3-3,positive,3,True,True,44882 | 44882 | 44882
S-LAT-SLAV33-050,S-LAT-SLAV33-050,lat,3-3,positive,3,True,True,37841 | 37841 | 37841
S-LAT-SLAV33-051,S-LAT-SLAV33-051,lat,3-3,positive,3,True,True,37328 | 37328 | 37328
S-LAT-SLAV33-052,S-LAT-SLAV33-052,lat,3-3,positive,3,True,True,41050 | 41050 | 41050
S-LAT-SLAV33-053,S-LAT-SLAV33-053,lat,3-3,positive,3,True,True,39212 | 39212 | 39212
S-LAT-SLAV33-054,S-LAT-SLAV33-054,lat,3-3,positive,3,True,True,40119 | 40119 | 40119
S-LAT-SLAV33-055,S-LAT-SLAV33-055,lat,3-3,positive,3,True,True,35242 | 35242 | 35242
S-LAT-SLAV33-056,S-LAT-SLAV33-056,lat,3-3,positive,3,True,True,36809 | 36809 | 36809
S-LAT-SLAV33-057,S-LAT-SLAV33-057,lat,3-3,positive,3,True,True,16949 | 16949 | 16949
S-LAT-SLAV33-058,S-LAT-SLAV33-058,lat,3-3,positive,3,True,True,36803 | 36803 | 36803
S-LAT-SLAV33-059,S-LAT-SLAV33-059,lat,3-3,positive,3,True,True,36483 | 36483 | 36483
S-LAT-SLAV33-060,S-LAT-SLAV33-060,lat,3-3,positive,3,True,True,37335 | 37335 | 37335
S-LAT-SLAV33-061,S-LAT-SLAV33-061,lat,3-3,positive,3,True,True,37337 | 37337 | 37337
S-LAT-SLAV33-062,S-LAT-SLAV33-062,lat,3-3,positive,3,True,True,37729 | 37729 | 37729
S-LAT-SLAV33-063,S-LAT-SLAV33-063,lat,3-3,positive,3,True,True,36480 | 36480 | 36480
S-LAT-SLAV33-064,S-LAT-SLAV33-064,lat,3-3,positive,3,True,True,51957 | 51957 | 51957
S-LAT-SLAV33-065,S-LAT-SLAV33-065,lat,3-3,positive,3,True,True,35672 | 35672 | 35672
S-LAT-SLAV33-066,S-LAT-SLAV33-066,lat,3-3,positive,3,True,True,35676 | 35676 | 35676
S-LAT-SLAV33-067,S-LAT-SLAV33-067,lat,3-3,positive,3,True,True,40572 | 40572 | 40572
S-LAT-SLAV33-068,S-LAT-SLAV33-068,lat,3-3,positive,3,True,True,37340 | 37340 | 37340
S-LAT-SLAV33-069,S-LAT-SLAV33-069,lat,3-3,positive,3,True,True,44142 | 44142 | 44142
S-LAT-SLAV33-070,S-LAT-SLAV33-070,lat,3-3,positive,3,True,True,35398 | 35398 | 35398
S-LAT-SLAV33-071,S-LAT-SLAV33-071,lat,3-3,positive,3,True,True,33401 | 33401 | 33401
S-LAT-SLAV33-072,S-LAT-SLAV33-072,lat,3-3,positive,3,True,True,38616 | 38616 | 38616
S-LAT-SLAV33-073,S-LAT-SLAV33-073,lat,3-3,positive,3,True,True,41051 | 41051 | 41051
S-LAT-SLAV33-074,S-LAT-SLAV33-074,lat,3-3,positive,3,True,True,16670 | 16670 | 16670
S-LAT-SLAV33-075,S-LAT-SLAV33-075,lat,3-3,positive,3,True,True,50973 | 50973 | 50973
S-LAT-SLAV33-076,S-LAT-SLAV33-076,lat,3-3,positive,3,True,True,36829 | 36829 | 36829
S-LAT-SLAV33-077,S-LAT-SLAV33-077,lat,3-3,positive,3,True,True,35766 | 35766 | 35766
S-LAT-SLAV33-078,S-LAT-SLAV33-078,lat,3-3,positive,3,True,True,40661 | 40661 | 40661
S-LAT-SLAV33-079,S-LAT-SLAV33-079,lat,3-3,positive,3,True,True,36836 | 36836 | 36836
S-LAT-SLAV33-080,S-LAT-SLAV33-080,lat,3-3,positive,3,True,True,40240 | 40240 | 40240
S-LAT-SLAV33-081,S-LAT-SLAV33-081,lat,3-3,positive,3,True,True,50603 | 50603 | 50603
S-LAT-SLAV33-082,S-LAT-SLAV33-082,lat,3-3,positive,3,True,True,36837 | 36837 | 36837
S-LAT-SLAV33-083,S-LAT-SLAV33-083,lat,3-3,positive,3,True,True,47779 | 47779 | 47779
S-LAT-SLAV33-084,S-LAT-SLAV33-084,lat,3-3,positive,3,True,True,35691 | 35691 | 35691
S-LAT-SLAV33-085,S-LAT-SLAV33-085,lat,3-3,positive,3,True,True,35421 | 35421 | 35421
S-LAT-SLAV33-086,S-LAT-SLAV33-086,lat,3-3,positive,3,True,True,37177 | 37177 | 37177
S-LAT-SLAV33-087,S-LAT-SLAV33-087,lat,3-3,positive,3,True,True,38799 | 38799 | 38799
S-LAT-SLAV33-088,S-LAT-SLAV33-088,lat,3-3,positive,3,True,True,48855 | 48855 | 48855
S-LAT-SLAV33-089,S-LAT-SLAV33-089,lat,3-3,positive,3,True,True,35027 | 35027 | 35027
S-LAT-SLAV33-090,S-LAT-SLAV33-090,lat,3-3,positive,3,True,True,31671 | 31671 | 31671
S-LAT-SLAV33-091,S-LAT-SLAV33-091,lat,3-3,positive,3,True,True,35404 | 35404 | 35404
S-LAT-SLAV33-092,S-LAT-SLAV33-092,lat,3-3,positive,3,True,True,37363 | 37363 | 37363
S-LAT-SLAV33-093,S-LAT-SLAV33-093,lat,3-3,positive,3,True,True,42874 | 42874 | 42874
S-LAT-SLAV33-094,S-LAT-SLAV33-094,lat,3-3,positive,3,True,True,35715 | 35715 | 35715
S-LAT-SLAV33-095,S-LAT-SLAV33-095,lat,3-3,positive,3,True,True,36957 | 36957 | 36957
S-LAT-SLAV33-096,S-LAT-SLAV33-096,lat,3-3,positive,3,True,True,36054 | 36054 | 36054
S-LAT-SLAV33-097,S-LAT-SLAV33-097,lat,3-3,positive,3,True,True,16673 | 16673 | 16673
S-LAT-SLAV33-098,S-LAT-SLAV33-098,lat,3-3,positive,3,True,True,39208 | 39208 | 39208
S-LAT-SLAV33-099,S-LAT-SLAV33-099,lat,3-3,positive,3,True,True,35530 | 35530 | 35530
S-LAT-SLAV33-100,S-LAT-SLAV33-100,lat,3-3,positive,3,True,True,35781 | 35781 | 35781
S-LAT-SLAV33-101,S-LAT-SLAV33-101,lat,3-3,positive,3,True,True,43538 | 43538 | 43538
S-LAT-SLAV33-102,S-LAT-SLAV33-102,lat,3-3,positive,3,True,True,35528 | 35528 | 35528
S-LAT-SLAV33-103,S-LAT-SLAV33-103,lat,3-3,positive,3,True,True,52260 | 52260 | 52260
S-LAT-SLAV33-104,S-LAT-SLAV33-104,lat,3-3,positive,3,True,True,50233 | 50233 | 50233
S-LAT-SLAV33-105,S-LAT-SLAV33-105,lat,3-3,positive,3,True,True,48859 | 48859 | 48859
S-LAT-SLAV33-106,S-LAT-SLAV33-106,lat,3-3,positive,3,True,True,16692 | 16692 | 16692
S-LAT-SLAV33-107,S-LAT-SLAV33-107,lat,3-3,positive,3,True,True,43094 | 43094 | 43094
S-LAT-SLAV33-108,S-LAT-SLAV33-108,lat,3-3,positive,3,True,True,37733 | 37733 | 37733
S-LAT-SLAV33-109,S-LAT-SLAV33-109,lat,3-3,positive,3,True,True,35484 | 35484 | 35484
S-LAT-SLAV33-110,S-LAT-SLAV33-110,lat,3-3,positive,3,True,True,36865 | 36865 | 36865
S-LAT-SLAV33-111,S-LAT-SLAV33-111,lat,3-3,positive,3,True,True,46549 | 46549 | 46549
S-LAT-SLAV33-112,S-LAT-SLAV33-112,lat,3-3,positive,3,True,True,35173 | 35173 | 35173
S-LAT-SLAV33-113,S-LAT-SLAV33-113,lat,3-3,positive,3,True,True,49515 | 49515 | 49515
S-LAT-SLAV33-114,S-LAT-SLAV33-114,lat,3-3,positive,3,True,True,46784 | 46784 | 46784
S-LAT-SLAV33-115,S-LAT-SLAV33-115,lat,3-3,positive,3,True,True,32751 | 32751 | 32751
S-LAT-SLAV33-116,S-LAT-SLAV33-116,lat,3-3,positive,3,True,True,35393 | 35393 | 35393
S-LAT-SLAV33-117,S-LAT-SLAV33-117,lat,3-3,positive,3,True,True,41001 | 41001 | 41001
S-LAT-SLAV33-118,S-LAT-SLAV33-118,lat,3-3,positive,3,True,True,35521 | 35521 | 35521
S-LAT-SLAV33-119,S-LAT-SLAV33-119,lat,3-3,positive,3,True,True,16710 | 16710 | 16710
S-LAT-SLAV33-120,S-LAT-SLAV33-120,lat,3-3,positive,3,True,True,10138 | 10138 | 10138
S-LAT-SLAV33-121,S-LAT-SLAV33-121,lat,3-3,positive,3,True,True,35517 | 35517 | 35517
S-LAT-SLAV33-122,S-LAT-SLAV33-122,lat,3-3,positive,3,True,True,45913 | 45913 | 45913
S-LAT-SLAV33-123,S-LAT-SLAV33-123,lat,3-3,positive,3,True,True,36478 | 36478 | 36478
S-LAT-SLAV33-124,S-LAT-SLAV33-124,lat,3-3,positive,3,True,True,35413 | 35413 | 35413
S-LAT-SLAV33-125,S-LAT-SLAV33-125,lat,3-3,positive,3,True,True,16655 | 16655 | 16655
S-LAT-SLAV33-126,S-LAT-SLAV33-126,lat,3-3,positive,3,True,True,41055 | 41055 | 41055
S-LAT-SLAV33-127,S-LAT-SLAV33-127,lat,3-3,positive,3,True,True,45821 | 45821 | 45821
S-LAT-SLAV33-128,S-LAT-SLAV33-128,lat,3-3,positive,3,True,True,35442 | 35442 | 35442
S-LAT-SLAV33-129,S-LAT-SLAV33-129,lat,3-3,positive,3,True,True,45060 | 45060 | 45060
S-LAT-SLAV33-130,S-LAT-SLAV33-130,lat,3-3,positive,3,True,True,33023 | 33023 | 33023
S-LAT-SLAV33-131,S-LAT-SLAV33-131,lat,3-3,positive,3,True,True,35511 | 35511 | 35511
S-LAT-SLAV33-132,S-LAT-SLAV33-132,lat,3-3,positive,3,True,True,41037 | 41037 | 41037
S-LAT-SLAV33-133,S-LAT-SLAV33-133,lat,3-3,positive,3,True,True,40244 | 40244 | 40244
S-LAT-SLAV33-134,S-LAT-SLAV33-134,lat,3-3,positive,3,True,True,35505 | 35505 | 35505
S-LAT-SLAV33-135,S-LAT-SLAV33-135,lat,3-3,positive,3,True,True,26723 | 26723 | 26723
S-LAT-SLAV33-136,S-LAT-SLAV33-136,lat,3-3,positive,3,True,True,47787 | 47787 | 47787
S-LAT-SLAV33-137,S-LAT-SLAV33-137,lat,3-3,positive,3,True,True,38158 | 38158 | 38158
S-LAT-SLAV33-138,S-LAT-SLAV33-138,lat,3-3,positive,3,True,True,36884 | 36884 | 36884
S-LAT-SLAV33-139,S-LAT-SLAV33-139,lat,3-3,positive,3,True,True,35580 | 35580 | 35580
S-LAT-SLAV33-140,S-LAT-SLAV33-140,lat,3-3,positive,3,True,True,37303 | 37303 | 37303
S-LAT-SLAV33-141,S-LAT-SLAV33-141,lat,3-3,positive,3,True,True,52616 | 52616 | 52616
S-LAT-SLAV33-142,S-LAT-SLAV33-142,lat,3-3,positive,3,True,True,34976 | 34976 | 34976
S-LAT-SLAV33-143,S-LAT-SLAV33-143,lat,3-3,positive,3,True,True,48879 | 48879 | 48879
S-LAT-SLAV33-144,S-LAT-SLAV33-144,lat,3-3,positive,3,True,True,22404 | 22404 | 22404
S-LAT-SLAV33-145,S-LAT-SLAV33-145,lat,3-3,positive,3,True,True,16667 | 16667 | 16667
S-LAT-SLAV33-146,S-LAT-SLAV33-146,lat,3-3,positive,3,True,True,40133 | 40133 | 40133
S-LAT-SLAV33-147,S-LAT-SLAV33-147,lat,3-3,positive,3,True,True,16601 | 16601 | 16601
S-LAT-SLAV33-148,S-LAT-SLAV33-148,lat,3-3,positive,3,True,True,35451 | 35451 | 35451
S-LAT-SLAV33-149,S-LAT-SLAV33-149,lat,3-3,positive,3,True,True,9762 | 9762 | 9762
S-LAT-SLAV33-150,S-LAT-SLAV33-150,lat,3-3,positive,3,True,True,36896 | 36896 | 36896
S-RUS-TRANSL-32-FRENCH-001,S-RUS-TRANSL-32-FRENCH-001,french,3-2,positive,3,True,True,36763 | 36763 | 36763
S-RUS-TRANSL-32-FRENCH-002,S-RUS-TRANSL-32-FRENCH-002,french,3-2,positive,3,True,True,44540 | 44540 | 44540
S-RUS-TRANSL-32-FRENCH-003,S-RUS-TRANSL-32-FRENCH-003,french,3-2,positive,3,True,True,32745 | 32745 | 32745
S-RUS-TRANSL-32-FRENCH-004,S-RUS-TRANSL-32-FRENCH-004,french,3-2,positive,3,True,True,37844 | 37844 | 37844
S-RUS-TRANSL-32-FRENCH-005,S-RUS-TRANSL-32-FRENCH-005,french,3-2,positive,3,True,True,30517 | 30517 | 30517
S-RUS-TRANSL-32-FRENCH-006,S-RUS-TRANSL-32-FRENCH-006,french,3-2,positive,3,True,True,50216 | 50216 | 50216
S-RUS-TRANSL-32-FRENCH-007,S-RUS-TRANSL-32-FRENCH-007,french,3-2,positive,3,True,True,42196 | 42196 | 42196
S-RUS-TRANSL-32-FRENCH-008,S-RUS-TRANSL-32-FRENCH-008,french,3-2,positive,3,True,True,35226 | 35226 | 35226
S-RUS-TRANSL-32-FRENCH-009,S-RUS-TRANSL-32-FRENCH-009,french,3-2,positive,3,True,True,20920 | 20920 | 20920
S-RUS-TRANSL-32-FRENCH-010,S-RUS-TRANSL-32-FRENCH-010,french,3-2,positive,3,True,True,35399 | 35399 | 35399
S-RUS-TRANSL-32-FRENCH-011,S-RUS-TRANSL-32-FRENCH-011,french,3-2,positive,3,True,True,35414 | 35414 | 35414
S-RUS-TRANSL-32-FRENCH-012,S-RUS-TRANSL-32-FRENCH-012,french,3-2,positive,3,True,True,45862 | 45862 | 45862
S-RUS-TRANSL-32-FRENCH-013,S-RUS-TRANSL-32-FRENCH-013,french,3-2,positive,3,True,True,34577 | 34577 | 34577
S-RUS-TRANSL-32-FRENCH-014,S-RUS-TRANSL-32-FRENCH-014,french,3-2,positive,3,True,True,37812 | 37812 | 37812
S-RUS-TRANSL-32-FRENCH-015,S-RUS-TRANSL-32-FRENCH-015,french,3-2,positive,3,True,True,37853 | 37853 | 37853
S-RUS-TRANSL-32-FRENCH-016,S-RUS-TRANSL-32-FRENCH-016,french,3-2,positive,3,True,True,37178 | 37178 | 37178
S-RUS-TRANSL-32-FRENCH-017,S-RUS-TRANSL-32-FRENCH-017,french,3-2,positive,3,True,True,48774 | 48774 | 48774
S-RUS-TRANSL-32-FRENCH-018,S-RUS-TRANSL-32-FRENCH-018,french,3-2,positive,3,True,True,37116 | 37116 | 37116
S-RUS-TRANSL-32-FRENCH-019,S-RUS-TRANSL-32-FRENCH-019,french,3-2,positive,3,True,True,50272 | 50272 | 50272
S-RUS-TRANSL-32-FRENCH-020,S-RUS-TRANSL-32-FRENCH-020,french,3-2,positive,3,True,True,39215 | 39215 | 39215
S-RUS-TRANSL-32-FRENCH-021,S-RUS-TRANSL-32-FRENCH-021,french,3-2,positive,3,True,True,50230 | 50230 | 50230
S-RUS-TRANSL-32-FRENCH-022,S-RUS-TRANSL-32-FRENCH-022,french,3-2,positive,3,True,True,35463 | 35463 | 35463
S-RUS-TRANSL-32-FRENCH-023,S-RUS-TRANSL-32-FRENCH-023,french,3-2,positive,3,True,True,51948 | 51948 | 51948
S-RUS-TRANSL-32-FRENCH-024,S-RUS-TRANSL-32-FRENCH-024,french,3-2,positive,3,True,True,45702 | 45702 | 45702
S-RUS-TRANSL-32-FRENCH-025,S-RUS-TRANSL-32-FRENCH-025,french,3-2,positive,3,True,True,31454 | 31454 | 31454
S-RUS-TRANSL-32-FRENCH-026,S-RUS-TRANSL-32-FRENCH-026,french,3-2,positive,3,True,True,35610 | 35610 | 35610
S-RUS-TRANSL-32-FRENCH-027,S-RUS-TRANSL-32-FRENCH-027,french,3-2,positive,3,True,True,35013 | 35013 | 35013
S-RUS-TRANSL-32-FRENCH-028,S-RUS-TRANSL-32-FRENCH-028,french,3-2,positive,3,True,True,51852 | 51852 | 51852
S-RUS-TRANSL-32-FRENCH-029,S-RUS-TRANSL-32-FRENCH-029,french,3-2,positive,3,True,True,50404 | 50404 | 50404
S-RUS-TRANSL-32-FRENCH-030,S-RUS-TRANSL-32-FRENCH-030,french,3-2,positive,3,True,True,35501 | 35501 | 35501
S-RUS-TRANSL-32-FRENCH-031,S-RUS-TRANSL-32-FRENCH-031,french,3-2,positive,3,True,True,34658 | 34658 | 34658
S-RUS-TRANSL-32-FRENCH-032,S-RUS-TRANSL-32-FRENCH-032,french,3-2,positive,3,True,True,37003 | 37003 | 37003
S-RUS-TRANSL-32-FRENCH-033,S-RUS-TRANSL-32-FRENCH-033,french,3-2,positive,3,True,True,48767 | 48767 | 48767
S-RUS-TRANSL-32-FRENCH-034,S-RUS-TRANSL-32-FRENCH-034,french,3-2,positive,3,True,True,36793 | 36793 | 36793
S-RUS-TRANSL-32-FRENCH-035,S-RUS-TRANSL-32-FRENCH-035,french,3-2,positive,3,True,True,38078 | 38078 | 38078
S-RUS-TRANSL-32-FRENCH-036,S-RUS-TRANSL-32-FRENCH-036,french,3-2,positive,3,True,True,36792 | 36792 | 36792
S-RUS-TRANSL-32-FRENCH-037,S-RUS-TRANSL-32-FRENCH-037,french,3-2,positive,3,True,True,35603 | 35603 | 35603
S-RUS-TRANSL-32-FRENCH-038,S-RUS-TRANSL-32-FRENCH-038,french,3-2,positive,3,True,True,"26671,36786 | 26671,36786 | 26671,36786"
S-RUS-TRANSL-32-FRENCH-039,S-RUS-TRANSL-32-FRENCH-039,french,3-2,positive,3,True,True,9761 | 9761 | 9761
S-RUS-TRANSL-32-FRENCH-040,S-RUS-TRANSL-32-FRENCH-040,french,3-2,positive,3,True,True,36798 | 36798 | 36798
S-RUS-TRANSL-32-FRENCH-041,S-RUS-TRANSL-32-FRENCH-041,french,3-2,positive,3,True,True,35630 | 35630 | 35630
S-RUS-TRANSL-32-FRENCH-042,S-RUS-TRANSL-32-FRENCH-042,french,3-2,positive,3,True,True,35620 | 35620 | 35620
S-RUS-TRANSL-32-FRENCH-043,S-RUS-TRANSL-32-FRENCH-043,french,3-2,positive,3,True,True,41439 | 41439 | 41439
S-RUS-TRANSL-32-FRENCH-044,S-RUS-TRANSL-32-FRENCH-044,french,3-2,positive,3,True,True,22411 | 22411 | 22411
S-RUS-TRANSL-32-FRENCH-045,S-RUS-TRANSL-32-FRENCH-045,french,3-2,positive,3,True,True,31950 | 31950 | 31950
S-RUS-TRANSL-32-FRENCH-046,S-RUS-TRANSL-32-FRENCH-046,french,3-2,positive,3,True,True,36996 | 36996 | 36996
S-RUS-TRANSL-32-FRENCH-047,S-RUS-TRANSL-32-FRENCH-047,french,3-2,positive,3,True,True,35639 | 35639 | 35639
S-RUS-TRANSL-32-FRENCH-048,S-RUS-TRANSL-32-FRENCH-048,french,3-2,positive,3,True,True,30545 | 30545 | 30545
S-RUS-TRANSL-32-FRENCH-049,S-RUS-TRANSL-32-FRENCH-049,french,3-2,positive,3,True,True,44882 | 44882 | 44882
S-RUS-TRANSL-32-FRENCH-050,S-RUS-TRANSL-32-FRENCH-050,french,3-2,positive,3,True,True,37841 | 37841 | 37841
S-RUS-TRANSL-32-FRENCH-051,S-RUS-TRANSL-32-FRENCH-051,french,3-2,positive,3,True,True,37328 | 37328 | 37328
S-RUS-TRANSL-32-FRENCH-052,S-RUS-TRANSL-32-FRENCH-052,french,3-2,positive,3,True,True,41050 | 41050 | 41050
S-RUS-TRANSL-32-FRENCH-053,S-RUS-TRANSL-32-FRENCH-053,french,3-2,positive,3,True,True,39212 | 39212 | 39212
S-RUS-TRANSL-32-FRENCH-054,S-RUS-TRANSL-32-FRENCH-054,french,3-2,positive,3,True,True,40119 | 40119 | 40119
S-RUS-TRANSL-32-FRENCH-055,S-RUS-TRANSL-32-FRENCH-055,french,3-2,positive,3,True,True,35242 | 35242 | 35242
S-RUS-TRANSL-32-FRENCH-056,S-RUS-TRANSL-32-FRENCH-056,french,3-2,positive,3,True,True,36809 | 36809 | 36809
S-RUS-TRANSL-32-FRENCH-057,S-RUS-TRANSL-32-FRENCH-057,french,3-2,positive,3,True,True,16949 | 16949 | 16949
S-RUS-TRANSL-32-FRENCH-058,S-RUS-TRANSL-32-FRENCH-058,french,3-2,positive,3,True,True,36803 | 36803 | 36803
S-RUS-TRANSL-32-FRENCH-059,S-RUS-TRANSL-32-FRENCH-059,french,3-2,positive,3,True,True,36483 | 36483 | 36483
S-RUS-TRANSL-32-FRENCH-060,S-RUS-TRANSL-32-FRENCH-060,french,3-2,positive,3,True,True,37335 | 37335 | 37335
S-RUS-TRANSL-32-FRENCH-061,S-RUS-TRANSL-32-FRENCH-061,french,3-2,positive,3,True,True,37337 | 37337 | 37337
S-RUS-TRANSL-32-FRENCH-062,S-RUS-TRANSL-32-FRENCH-062,french,3-2,positive,3,True,True,37729 | 37729 | 37729
S-RUS-TRANSL-32-FRENCH-063,S-RUS-TRANSL-32-FRENCH-063,french,3-2,positive,3,True,True,36480 | 36480 | 36480
S-RUS-TRANSL-32-FRENCH-064,S-RUS-TRANSL-32-FRENCH-064,french,3-2,positive,3,True,True,51957 | 51957 | 51957
S-RUS-TRANSL-32-FRENCH-065,S-RUS-TRANSL-32-FRENCH-065,french,3-2,positive,3,True,True,35672 | 35672 | 35672
S-RUS-TRANSL-32-FRENCH-066,S-RUS-TRANSL-32-FRENCH-066,french,3-2,positive,3,True,True,35676 | 35676 | 35676
S-RUS-TRANSL-32-FRENCH-067,S-RUS-TRANSL-32-FRENCH-067,french,3-2,positive,3,True,True,40572 | 40572 | 40572
S-RUS-TRANSL-32-FRENCH-068,S-RUS-TRANSL-32-FRENCH-068,french,3-2,positive,3,True,True,37340 | 37340 | 37340
S-RUS-TRANSL-32-FRENCH-069,S-RUS-TRANSL-32-FRENCH-069,french,3-2,positive,3,True,True,44142 | 44142 | 44142
S-RUS-TRANSL-32-FRENCH-070,S-RUS-TRANSL-32-FRENCH-070,french,3-2,positive,3,True,True,35398 | 35398 | 35398
S-RUS-TRANSL-32-FRENCH-071,S-RUS-TRANSL-32-FRENCH-071,french,3-2,positive,3,True,True,33401 | 33401 | 33401
S-RUS-TRANSL-32-FRENCH-072,S-RUS-TRANSL-32-FRENCH-072,french,3-2,positive,3,True,True,38616 | 38616 | 38616
S-RUS-TRANSL-32-FRENCH-073,S-RUS-TRANSL-32-FRENCH-073,french,3-2,positive,3,True,True,41051 | 41051 | 41051
S-RUS-TRANSL-32-FRENCH-074,S-RUS-TRANSL-32-FRENCH-074,french,3-2,positive,3,True,True,16670 | 16670 | 16670
S-RUS-TRANSL-32-FRENCH-075,S-RUS-TRANSL-32-FRENCH-075,french,3-2,positive,3,True,True,50973 | 50973 | 50973
S-RUS-TRANSL-32-FRENCH-076,S-RUS-TRANSL-32-FRENCH-076,french,3-2,positive,3,True,True,36829 | 36829 | 36829
S-RUS-TRANSL-32-FRENCH-077,S-RUS-TRANSL-32-FRENCH-077,french,3-2,positive,3,True,True,35766 | 35766 | 35766
S-RUS-TRANSL-32-FRENCH-078,S-RUS-TRANSL-32-FRENCH-078,french,3-2,positive,3,True,True,40661 | 40661 | 40661
S-RUS-TRANSL-32-FRENCH-079,S-RUS-TRANSL-32-FRENCH-079,french,3-2,positive,3,True,True,36836 | 36836 | 36836
S-RUS-TRANSL-32-FRENCH-080,S-RUS-TRANSL-32-FRENCH-080,french,3-2,positive,3,True,True,40240 | 40240 | 40240
S-RUS-TRANSL-32-FRENCH-081,S-RUS-TRANSL-32-FRENCH-081,french,3-2,positive,3,True,True,50603 | 50603 | 50603
S-RUS-TRANSL-32-FRENCH-082,S-RUS-TRANSL-32-FRENCH-082,french,3-2,positive,3,True,True,36837 | 36837 | 36837
S-RUS-TRANSL-32-FRENCH-083,S-RUS-TRANSL-32-FRENCH-083,french,3-2,positive,3,True,True,47779 | 47779 | 47779
S-RUS-TRANSL-32-FRENCH-084,S-RUS-TRANSL-32-FRENCH-084,french,3-2,positive,3,True,True,35691 | 35691 | 35691
S-RUS-TRANSL-32-FRENCH-085,S-RUS-TRANSL-32-FRENCH-085,french,3-2,positive,3,True,True,35421 | 35421 | 35421
S-RUS-TRANSL-32-FRENCH-086,S-RUS-TRANSL-32-FRENCH-086,french,3-2,positive,3,True,True,37177 | 37177 | 37177
S-RUS-TRANSL-32-FRENCH-087,S-RUS-TRANSL-32-FRENCH-087,french,3-2,positive,3,True,True,38799 | 38799 | 38799
S-RUS-TRANSL-32-FRENCH-088,S-RUS-TRANSL-32-FRENCH-088,french,3-2,positive,3,True,True,48855 | 48855 | 48855
S-RUS-TRANSL-32-FRENCH-089,S-RUS-TRANSL-32-FRENCH-089,french,3-2,positive,3,True,True,35027 | 35027 | 35027
S-RUS-TRANSL-32-FRENCH-090,S-RUS-TRANSL-32-FRENCH-090,french,3-2,positive,3,True,True,31671 | 31671 | 31671
S-RUS-TRANSL-32-FRENCH-091,S-RUS-TRANSL-32-FRENCH-091,french,3-2,positive,3,True,True,35404 | 35404 | 35404
S-RUS-TRANSL-32-FRENCH-092,S-RUS-TRANSL-32-FRENCH-092,french,3-2,positive,3,True,True,37363 | 37363 | 37363
S-RUS-TRANSL-32-FRENCH-093,S-RUS-TRANSL-32-FRENCH-093,french,3-2,positive,3,True,True,42874 | 42874 | 42874
S-RUS-TRANSL-32-FRENCH-094,S-RUS-TRANSL-32-FRENCH-094,french,3-2,positive,3,True,True,35715 | 35715 | 35715
S-RUS-TRANSL-32-FRENCH-095,S-RUS-TRANSL-32-FRENCH-095,french,3-2,positive,3,True,True,36957 | 36957 | 36957
S-RUS-TRANSL-32-FRENCH-096,S-RUS-TRANSL-32-FRENCH-096,french,3-2,positive,3,True,True,36054 | 36054 | 36054
S-RUS-TRANSL-32-FRENCH-097,S-RUS-TRANSL-32-FRENCH-097,french,3-2,positive,3,True,True,16673 | 16673 | 16673
S-RUS-TRANSL-32-FRENCH-098,S-RUS-TRANSL-32-FRENCH-098,french,3-2,positive,3,True,True,39208 | 39208 | 39208
S-RUS-TRANSL-32-FRENCH-099,S-RUS-TRANSL-32-FRENCH-099,french,3-2,positive,3,True,True,35530 | 35530 | 35530
S-RUS-TRANSL-32-FRENCH-100,S-RUS-TRANSL-32-FRENCH-100,french,3-2,positive,3,True,True,35781 | 35781 | 35781
S-RUS-TRANSL-32-FRENCH-101,S-RUS-TRANSL-32-FRENCH-101,french,3-2,positive,3,True,True,43538 | 43538 | 43538
S-RUS-TRANSL-32-FRENCH-102,S-RUS-TRANSL-32-FRENCH-102,french,3-2,positive,3,True,True,35528 | 35528 | 35528
S-RUS-TRANSL-32-FRENCH-103,S-RUS-TRANSL-32-FRENCH-103,french,3-2,positive,3,True,True,52260 | 52260 | 52260
S-RUS-TRANSL-32-FRENCH-104,S-RUS-TRANSL-32-FRENCH-104,french,3-2,positive,3,True,True,50233 | 50233 | 50233
S-RUS-TRANSL-32-FRENCH-105,S-RUS-TRANSL-32-FRENCH-105,french,3-2,positive,3,True,True,48859 | 48859 | 48859
S-RUS-TRANSL-32-FRENCH-106,S-RUS-TRANSL-32-FRENCH-106,french,3-2,positive,3,True,True,16692 | 16692 | 16692
S-RUS-TRANSL-32-FRENCH-107,S-RUS-TRANSL-32-FRENCH-107,french,3-2,positive,3,True,True,43094 | 43094 | 43094
S-RUS-TRANSL-32-FRENCH-108,S-RUS-TRANSL-32-FRENCH-108,french,3-2,positive,3,True,True,37733 | 37733 | 37733
S-RUS-TRANSL-32-FRENCH-109,S-RUS-TRANSL-32-FRENCH-109,french,3-2,positive,3,True,True,35484 | 35484 | 35484
S-RUS-TRANSL-32-FRENCH-110,S-RUS-TRANSL-32-FRENCH-110,french,3-2,positive,3,True,True,36865 | 36865 | 36865
S-RUS-TRANSL-32-FRENCH-111,S-RUS-TRANSL-32-FRENCH-111,french,3-2,positive,3,True,True,46549 | 46549 | 46549
S-RUS-TRANSL-32-FRENCH-112,S-RUS-TRANSL-32-FRENCH-112,french,3-2,positive,3,True,True,35173 | 35173 | 35173
S-RUS-TRANSL-32-FRENCH-113,S-RUS-TRANSL-32-FRENCH-113,french,3-2,positive,3,True,True,49515 | 49515 | 49515
S-RUS-TRANSL-32-FRENCH-114,S-RUS-TRANSL-32-FRENCH-114,french,3-2,positive,3,True,True,46784 | 46784 | 46784
S-RUS-TRANSL-32-FRENCH-115,S-RUS-TRANSL-32-FRENCH-115,french,3-2,positive,3,True,True,32751 | 32751 | 32751
S-RUS-TRANSL-32-FRENCH-116,S-RUS-TRANSL-32-FRENCH-116,french,3-2,positive,3,True,True,35393 | 35393 | 35393
S-RUS-TRANSL-32-FRENCH-117,S-RUS-TRANSL-32-FRENCH-117,french,3-2,positive,3,True,True,41001 | 41001 | 41001
S-RUS-TRANSL-32-FRENCH-118,S-RUS-TRANSL-32-FRENCH-118,french,3-2,positive,3,True,True,35521 | 35521 | 35521
S-RUS-TRANSL-32-FRENCH-119,S-RUS-TRANSL-32-FRENCH-119,french,3-2,positive,3,True,True,16710 | 16710 | 16710
S-RUS-TRANSL-32-FRENCH-120,S-RUS-TRANSL-32-FRENCH-120,french,3-2,positive,3,True,True,10138 | 10138 | 10138
S-RUS-TRANSL-32-FRENCH-121,S-RUS-TRANSL-32-FRENCH-121,french,3-2,positive,3,True,True,35517 | 35517 | 35517
S-RUS-TRANSL-32-FRENCH-122,S-RUS-TRANSL-32-FRENCH-122,french,3-2,positive,3,True,True,45913 | 45913 | 45913
S-RUS-TRANSL-32-FRENCH-123,S-RUS-TRANSL-32-FRENCH-123,french,3-2,positive,3,True,True,36478 | 36478 | 36478
S-RUS-TRANSL-32-FRENCH-124,S-RUS-TRANSL-32-FRENCH-124,french,3-2,positive,3,True,True,35413 | 35413 | 35413
S-RUS-TRANSL-32-FRENCH-125,S-RUS-TRANSL-32-FRENCH-125,french,3-2,positive,3,True,True,16655 | 16655 | 16655
S-RUS-TRANSL-32-FRENCH-126,S-RUS-TRANSL-32-FRENCH-126,french,3-2,positive,3,True,True,41055 | 41055 | 41055
S-RUS-TRANSL-32-FRENCH-127,S-RUS-TRANSL-32-FRENCH-127,french,3-2,positive,3,True,True,45821 | 45821 | 45821
S-RUS-TRANSL-32-FRENCH-128,S-RUS-TRANSL-32-FRENCH-128,french,3-2,positive,3,True,True,35442 | 35442 | 35442
S-RUS-TRANSL-32-FRENCH-129,S-RUS-TRANSL-32-FRENCH-129,french,3-2,positive,3,True,True,45060 | 45060 | 45060
S-RUS-TRANSL-32-FRENCH-130,S-RUS-TRANSL-32-FRENCH-130,french,3-2,positive,3,True,True,33023 | 33023 | 33023
S-RUS-TRANSL-32-FRENCH-131,S-RUS-TRANSL-32-FRENCH-131,french,3-2,positive,3,True,True,35511 | 35511 | 35511
S-RUS-TRANSL-32-FRENCH-132,S-RUS-TRANSL-32-FRENCH-132,french,3-2,positive,3,True,True,41037 | 41037 | 41037
S-RUS-TRANSL-32-FRENCH-133,S-RUS-TRANSL-32-FRENCH-133,french,3-2,positive,3,True,True,40244 | 40244 | 40244
S-RUS-TRANSL-32-FRENCH-134,S-RUS-TRANSL-32-FRENCH-134,french,3-2,positive,3,True,True,35505 | 35505 | 35505
S-RUS-TRANSL-32-FRENCH-135,S-RUS-TRANSL-32-FRENCH-135,french,3-2,positive,3,True,True,26723 | 26723 | 26723
S-RUS-TRANSL-32-FRENCH-136,S-RUS-TRANSL-32-FRENCH-136,french,3-2,positive,3,True,True,47787 | 47787 | 47787
S-RUS-TRANSL-32-FRENCH-137,S-RUS-TRANSL-32-FRENCH-137,french,3-2,positive,3,True,True,38158 | 38158 | 38158
S-RUS-TRANSL-32-FRENCH-138,S-RUS-TRANSL-32-FRENCH-138,french,3-2,positive,3,True,True,36884 | 36884 | 36884
S-RUS-TRANSL-32-FRENCH-139,S-RUS-TRANSL-32-FRENCH-139,french,3-2,positive,3,True,True,35580 | 35580 | 35580
S-RUS-TRANSL-32-FRENCH-140,S-RUS-TRANSL-32-FRENCH-140,french,3-2,positive,3,True,True,37303 | 37303 | 37303
S-RUS-TRANSL-32-FRENCH-141,S-RUS-TRANSL-32-FRENCH-141,french,3-2,positive,3,True,True,52616 | 52616 | 52616
S-RUS-TRANSL-32-FRENCH-142,S-RUS-TRANSL-32-FRENCH-142,french,3-2,positive,3,True,True,"34976,39784 | 34976,39784 | 34976,39784"
S-RUS-TRANSL-32-FRENCH-143,S-RUS-TRANSL-32-FRENCH-143,french,3-2,positive,3,True,True,48879 | 48879 | 48879
S-RUS-TRANSL-32-FRENCH-144,S-RUS-TRANSL-32-FRENCH-144,french,3-2,positive,3,True,True,22404 | 22404 | 22404
S-RUS-TRANSL-32-FRENCH-145,S-RUS-TRANSL-32-FRENCH-145,french,3-2,positive,3,True,True,22404 | 22404 | 22404
S-RUS-TRANSL-32-FRENCH-146,S-RUS-TRANSL-32-FRENCH-146,french,3-2,positive,3,True,True,16667 | 16667 | 16667
S-RUS-TRANSL-32-FRENCH-147,S-RUS-TRANSL-32-FRENCH-147,french,3-2,positive,3,True,True,40133 | 40133 | 40133
S-RUS-TRANSL-32-FRENCH-148,S-RUS-TRANSL-32-FRENCH-148,french,3-2,positive,3,True,True,16601 | 16601 | 16601
S-RUS-TRANSL-32-FRENCH-149,S-RUS-TRANSL-32-FRENCH-149,french,3-2,positive,3,True,True,35451 | 35451 | 35451
S-RUS-TRANSL-32-FRENCH-150,S-RUS-TRANSL-32-FRENCH-150,french,3-2,positive,3,True,True,9762 | 9762 | 9762
S-RUS-TRANSL-32-FRENCH-151,S-RUS-TRANSL-32-FRENCH-151,french,3-2,positive,3,True,True,36896 | 36896 | 36896
S-RUS-TRANSL-32-ICAO-001,S-RUS-TRANSL-32-ICAO-001,icao,3-2,positive,3,True,True,36763 | 36763 | 36763
S-RUS-TRANSL-32-ICAO-002,S-RUS-TRANSL-32-ICAO-002,icao,3-2,positive,3,True,True,44540 | 44540 | 44540
S-RUS-TRANSL-32-ICAO-003,S-RUS-TRANSL-32-ICAO-003,icao,3-2,positive,3,True,True,32745 | 32745 | 32745
S-RUS-TRANSL-32-ICAO-004,S-RUS-TRANSL-32-ICAO-004,icao,3-2,positive,3,True,True,37844 | 37844 | 37844
S-RUS-TRANSL-32-ICAO-005,S-RUS-TRANSL-32-ICAO-005,icao,3-2,positive,3,True,True,30517 | 30517 | 30517
S-RUS-TRANSL-32-ICAO-006,S-RUS-TRANSL-32-ICAO-006,icao,3-2,positive,3,True,True,50216 | 50216 | 50216
S-RUS-TRANSL-32-ICAO-007,S-RUS-TRANSL-32-ICAO-007,icao,3-2,positive,3,True,True,42196 | 42196 | 42196
S-RUS-TRANSL-32-ICAO-008,S-RUS-TRANSL-32-ICAO-008,icao,3-2,positive,3,True,True,35226 | 35226 | 35226
S-RUS-TRANSL-32-ICAO-009,S-RUS-TRANSL-32-ICAO-009,icao,3-2,positive,3,True,True,20920 | 20920 | 20920
S-RUS-TRANSL-32-ICAO-010,S-RUS-TRANSL-32-ICAO-010,icao,3-2,positive,3,True,True,35399 | 35399 | 35399
S-RUS-TRANSL-32-ICAO-011,S-RUS-TRANSL-32-ICAO-011,icao,3-2,positive,3,True,True,35414 | 35414 | 35414
S-RUS-TRANSL-32-ICAO-012,S-RUS-TRANSL-32-ICAO-012,icao,3-2,positive,3,True,True,45862 | 45862 | 45862
S-RUS-TRANSL-32-ICAO-013,S-RUS-TRANSL-32-ICAO-013,icao,3-2,positive,3,True,True,34577 | 34577 | 34577
S-RUS-TRANSL-32-ICAO-014,S-RUS-TRANSL-32-ICAO-014,icao,3-2,positive,3,True,True,37812 | 37812 | 37812
S-RUS-TRANSL-32-ICAO-015,S-RUS-TRANSL-32-ICAO-015,icao,3-2,positive,3,True,True,37853 | 37853 | 37853
S-RUS-TRANSL-32-ICAO-016,S-RUS-TRANSL-32-ICAO-016,icao,3-2,positive,3,True,True,37178 | 37178 | 37178
S-RUS-TRANSL-32-ICAO-017,S-RUS-TRANSL-32-ICAO-017,icao,3-2,positive,3,True,True,48774 | 48774 | 48774
S-RUS-TRANSL-32-ICAO-018,S-RUS-TRANSL-32-ICAO-018,icao,3-2,positive,3,True,True,37116 | 37116 | 37116
S-RUS-TRANSL-32-ICAO-019,S-RUS-TRANSL-32-ICAO-019,icao,3-2,positive,3,True,True,50272 | 50272 | 50272
S-RUS-TRANSL-32-ICAO-020,S-RUS-TRANSL-32-ICAO-020,icao,3-2,positive,3,True,True,39215 | 39215 | 39215
S-RUS-TRANSL-32-ICAO-021,S-RUS-TRANSL-32-ICAO-021,icao,3-2,positive,3,True,True,50230 | 50230 | 50230
S-RUS-TRANSL-32-ICAO-022,S-RUS-TRANSL-32-ICAO-022,icao,3-2,positive,3,True,True,35463 | 35463 | 35463
S-RUS-TRANSL-32-ICAO-023,S-RUS-TRANSL-32-ICAO-023,icao,3-2,positive,3,True,True,51948 | 51948 | 51948
S-RUS-TRANSL-32-ICAO-024,S-RUS-TRANSL-32-ICAO-024,icao,3-2,positive,3,True,True,45702 | 45702 | 45702
S-RUS-TRANSL-32-ICAO-025,S-RUS-TRANSL-32-ICAO-025,icao,3-2,positive,3,True,True,31454 | 31454 | 31454
S-RUS-TRANSL-32-ICAO-026,S-RUS-TRANSL-32-ICAO-026,icao,3-2,positive,3,True,True,35610 | 35610 | 35610
S-RUS-TRANSL-32-ICAO-027,S-RUS-TRANSL-32-ICAO-027,icao,3-2,positive,3,True,True,35013 | 35013 | 35013
S-RUS-TRANSL-32-ICAO-028,S-RUS-TRANSL-32-ICAO-028,icao,3-2,positive,3,True,True,51852 | 51852 | 51852
S-RUS-TRANSL-32-ICAO-029,S-RUS-TRANSL-32-ICAO-029,icao,3-2,positive,3,True,True,50404 | 50404 | 50404
S-RUS-TRANSL-32-ICAO-030,S-RUS-TRANSL-32-ICAO-030,icao,3-2,positive,3,True,True,35501 | 35501 | 35501
S-RUS-TRANSL-32-ICAO-031,S-RUS-TRANSL-32-ICAO-031,icao,3-2,positive,3,True,True,34658 | 34658 | 34658
S-RUS-TRANSL-32-ICAO-032,S-RUS-TRANSL-32-ICAO-032,icao,3-2,positive,3,True,True,37003 | 37003 | 37003
S-RUS-TRANSL-32-ICAO-033,S-RUS-TRANSL-32-ICAO-033,icao,3-2,positive,3,True,True,48767 | 48767 | 48767
S-RUS-TRANSL-32-ICAO-034,S-RUS-TRANSL-32-ICAO-034,icao,3-2,positive,3,True,True,36793 | 36793 | 36793
S-RUS-TRANSL-32-ICAO-035,S-RUS-TRANSL-32-ICAO-035,icao,3-2,positive,3,True,True,38078 | 38078 | 38078
S-RUS-TRANSL-32-ICAO-036,S-RUS-TRANSL-32-ICAO-036,icao,3-2,positive,3,True,True,36792 | 36792 | 36792
S-RUS-TRANSL-32-ICAO-037,S-RUS-TRANSL-32-ICAO-037,icao,3-2,positive,3,True,True,35603 | 35603 | 35603
S-RUS-TRANSL-32-ICAO-038,S-RUS-TRANSL-32-ICAO-038,icao,3-2,positive,3,True,True,"26671,36786 | 26671,36786 | 26671,36786"
S-RUS-TRANSL-32-ICAO-039,S-RUS-TRANSL-32-ICAO-039,icao,3-2,positive,3,True,True,9761 | 9761 | 9761
S-RUS-TRANSL-32-ICAO-040,S-RUS-TRANSL-32-ICAO-040,icao,3-2,positive,3,True,True,36798 | 36798 | 36798
S-RUS-TRANSL-32-ICAO-041,S-RUS-TRANSL-32-ICAO-041,icao,3-2,positive,3,True,True,35630 | 35630 | 35630
S-RUS-TRANSL-32-ICAO-042,S-RUS-TRANSL-32-ICAO-042,icao,3-2,positive,3,True,True,35620 | 35620 | 35620
S-RUS-TRANSL-32-ICAO-043,S-RUS-TRANSL-32-ICAO-043,icao,3-2,positive,3,True,True,41439 | 41439 | 41439
S-RUS-TRANSL-32-ICAO-044,S-RUS-TRANSL-32-ICAO-044,icao,3-2,positive,3,True,True,22411 | 22411 | 22411
S-RUS-TRANSL-32-ICAO-045,S-RUS-TRANSL-32-ICAO-045,icao,3-2,positive,3,True,True,31950 | 31950 | 31950
S-RUS-TRANSL-32-ICAO-046,S-RUS-TRANSL-32-ICAO-046,icao,3-2,positive,3,True,True,36996 | 36996 | 36996
S-RUS-TRANSL-32-ICAO-047,S-RUS-TRANSL-32-ICAO-047,icao,3-2,positive,3,True,True,35639 | 35639 | 35639
S-RUS-TRANSL-32-ICAO-048,S-RUS-TRANSL-32-ICAO-048,icao,3-2,positive,3,True,True,30545 | 30545 | 30545
S-RUS-TRANSL-32-ICAO-049,S-RUS-TRANSL-32-ICAO-049,icao,3-2,positive,3,True,True,44882 | 44882 | 44882
S-RUS-TRANSL-32-ICAO-050,S-RUS-TRANSL-32-ICAO-050,icao,3-2,positive,3,True,True,37841 | 37841 | 37841
S-RUS-TRANSL-32-ICAO-051,S-RUS-TRANSL-32-ICAO-051,icao,3-2,positive,3,True,True,37328 | 37328 | 37328
S-RUS-TRANSL-32-ICAO-052,S-RUS-TRANSL-32-ICAO-052,icao,3-2,positive,3,True,True,41050 | 41050 | 41050
S-RUS-TRANSL-32-ICAO-053,S-RUS-TRANSL-32-ICAO-053,icao,3-2,positive,3,True,True,39212 | 39212 | 39212
S-RUS-TRANSL-32-ICAO-054,S-RUS-TRANSL-32-ICAO-054,icao,3-2,positive,3,True,True,40119 | 40119 | 40119
S-RUS-TRANSL-32-ICAO-055,S-RUS-TRANSL-32-ICAO-055,icao,3-2,positive,3,True,True,35242 | 35242 | 35242
S-RUS-TRANSL-32-ICAO-056,S-RUS-TRANSL-32-ICAO-056,icao,3-2,positive,3,True,True,36809 | 36809 | 36809
S-RUS-TRANSL-32-ICAO-057,S-RUS-TRANSL-32-ICAO-057,icao,3-2,positive,3,True,True,16949 | 16949 | 16949
S-RUS-TRANSL-32-ICAO-058,S-RUS-TRANSL-32-ICAO-058,icao,3-2,positive,3,True,True,36803 | 36803 | 36803
S-RUS-TRANSL-32-ICAO-059,S-RUS-TRANSL-32-ICAO-059,icao,3-2,positive,3,True,True,36483 | 36483 | 36483
S-RUS-TRANSL-32-ICAO-060,S-RUS-TRANSL-32-ICAO-060,icao,3-2,positive,3,True,True,37335 | 37335 | 37335
S-RUS-TRANSL-32-ICAO-061,S-RUS-TRANSL-32-ICAO-061,icao,3-2,positive,3,True,True,37337 | 37337 | 37337
S-RUS-TRANSL-32-ICAO-062,S-RUS-TRANSL-32-ICAO-062,icao,3-2,positive,3,True,True,37729 | 37729 | 37729
S-RUS-TRANSL-32-ICAO-063,S-RUS-TRANSL-32-ICAO-063,icao,3-2,positive,3,True,True,36480 | 36480 | 36480
S-RUS-TRANSL-32-ICAO-064,S-RUS-TRANSL-32-ICAO-064,icao,3-2,positive,3,True,True,51957 | 51957 | 51957
S-RUS-TRANSL-32-ICAO-065,S-RUS-TRANSL-32-ICAO-065,icao,3-2,positive,3,True,True,35672 | 35672 | 35672
S-RUS-TRANSL-32-ICAO-066,S-RUS-TRANSL-32-ICAO-066,icao,3-2,positive,3,True,True,35676 | 35676 | 35676
S-RUS-TRANSL-32-ICAO-067,S-RUS-TRANSL-32-ICAO-067,icao,3-2,positive,3,True,True,40572 | 40572 | 40572
S-RUS-TRANSL-32-ICAO-068,S-RUS-TRANSL-32-ICAO-068,icao,3-2,positive,3,True,True,37340 | 37340 | 37340
S-RUS-TRANSL-32-ICAO-069,S-RUS-TRANSL-32-ICAO-069,icao,3-2,positive,3,True,True,44142 | 44142 | 44142
S-RUS-TRANSL-32-ICAO-070,S-RUS-TRANSL-32-ICAO-070,icao,3-2,positive,3,True,True,35398 | 35398 | 35398
S-RUS-TRANSL-32-ICAO-071,S-RUS-TRANSL-32-ICAO-071,icao,3-2,positive,3,True,True,33401 | 33401 | 33401
S-RUS-TRANSL-32-ICAO-072,S-RUS-TRANSL-32-ICAO-072,icao,3-2,positive,3,True,True,38616 | 38616 | 38616
S-RUS-TRANSL-32-ICAO-073,S-RUS-TRANSL-32-ICAO-073,icao,3-2,positive,3,True,True,41051 | 41051 | 41051
S-RUS-TRANSL-32-ICAO-074,S-RUS-TRANSL-32-ICAO-074,icao,3-2,positive,3,True,True,16670 | 16670 | 16670
S-RUS-TRANSL-32-ICAO-075,S-RUS-TRANSL-32-ICAO-075,icao,3-2,positive,3,True,True,50973 | 50973 | 50973
S-RUS-TRANSL-32-ICAO-076,S-RUS-TRANSL-32-ICAO-076,icao,3-2,positive,3,True,True,36829 | 36829 | 36829
S-RUS-TRANSL-32-ICAO-077,S-RUS-TRANSL-32-ICAO-077,icao,3-2,positive,3,True,True,35766 | 35766 | 35766
S-RUS-TRANSL-32-ICAO-078,S-RUS-TRANSL-32-ICAO-078,icao,3-2,positive,3,True,True,40661 | 40661 | 40661
S-RUS-TRANSL-32-ICAO-079,S-RUS-TRANSL-32-ICAO-079,icao,3-2,positive,3,True,True,36836 | 36836 | 36836
S-RUS-TRANSL-32-ICAO-080,S-RUS-TRANSL-32-ICAO-080,icao,3-2,positive,3,True,True,40240 | 40240 | 40240
S-RUS-TRANSL-32-ICAO-081,S-RUS-TRANSL-32-ICAO-081,icao,3-2,positive,3,True,True,50603 | 50603 | 50603
S-RUS-TRANSL-32-ICAO-082,S-RUS-TRANSL-32-ICAO-082,icao,3-2,positive,3,True,True,36837 | 36837 | 36837
S-RUS-TRANSL-32-ICAO-083,S-RUS-TRANSL-32-ICAO-083,icao,3-2,positive,3,True,True,47779 | 47779 | 47779
S-RUS-TRANSL-32-ICAO-084,S-RUS-TRANSL-32-ICAO-084,icao,3-2,positive,3,True,True,35691 | 35691 | 35691
S-RUS-TRANSL-32-ICAO-085,S-RUS-TRANSL-32-ICAO-085,icao,3-2,positive,3,True,True,35421 | 35421 | 35421
S-RUS-TRANSL-32-ICAO-086,S-RUS-TRANSL-32-ICAO-086,icao,3-2,positive,3,True,True,37177 | 37177 | 37177
S-RUS-TRANSL-32-ICAO-087,S-RUS-TRANSL-32-ICAO-087,icao,3-2,positive,3,True,True,38799 | 38799 | 38799
S-RUS-TRANSL-32-ICAO-088,S-RUS-TRANSL-32-ICAO-088,icao,3-2,positive,3,True,True,48855 | 48855 | 48855
S-RUS-TRANSL-32-ICAO-089,S-RUS-TRANSL-32-ICAO-089,icao,3-2,positive,3,True,True,35027 | 35027 | 35027
S-RUS-TRANSL-32-ICAO-090,S-RUS-TRANSL-32-ICAO-090,icao,3-2,positive,3,True,True,31671 | 31671 | 31671
S-RUS-TRANSL-32-ICAO-091,S-RUS-TRANSL-32-ICAO-091,icao,3-2,positive,3,True,True,35404 | 35404 | 35404
S-RUS-TRANSL-32-ICAO-092,S-RUS-TRANSL-32-ICAO-092,icao,3-2,positive,3,True,True,37363 | 37363 | 37363
S-RUS-TRANSL-32-ICAO-093,S-RUS-TRANSL-32-ICAO-093,icao,3-2,positive,3,True,True,42874 | 42874 | 42874
S-RUS-TRANSL-32-ICAO-094,S-RUS-TRANSL-32-ICAO-094,icao,3-2,positive,3,True,True,35715 | 35715 | 35715
S-RUS-TRANSL-32-ICAO-095,S-RUS-TRANSL-32-ICAO-095,icao,3-2,positive,3,True,True,36957 | 36957 | 36957
S-RUS-TRANSL-32-ICAO-096,S-RUS-TRANSL-32-ICAO-096,icao,3-2,positive,3,True,True,36054 | 36054 | 36054
S-RUS-TRANSL-32-ICAO-097,S-RUS-TRANSL-32-ICAO-097,icao,3-2,positive,3,True,True,16673 | 16673 | 16673
S-RUS-TRANSL-32-ICAO-098,S-RUS-TRANSL-32-ICAO-098,icao,3-2,positive,3,True,True,39208 | 39208 | 39208
S-RUS-TRANSL-32-ICAO-099,S-RUS-TRANSL-32-ICAO-099,icao,3-2,positive,3,True,True,35530 | 35530 | 35530
S-RUS-TRANSL-32-ICAO-100,S-RUS-TRANSL-32-ICAO-100,icao,3-2,positive,3,True,True,35781 | 35781 | 35781
S-RUS-TRANSL-32-ICAO-101,S-RUS-TRANSL-32-ICAO-101,icao,3-2,positive,3,True,True,43538 | 43538 | 43538
S-RUS-TRANSL-32-ICAO-102,S-RUS-TRANSL-32-ICAO-102,icao,3-2,positive,3,True,True,35528 | 35528 | 35528
S-RUS-TRANSL-32-ICAO-103,S-RUS-TRANSL-32-ICAO-103,icao,3-2,positive,3,True,True,52260 | 52260 | 52260
S-RUS-TRANSL-32-ICAO-104,S-RUS-TRANSL-32-ICAO-104,icao,3-2,positive,3,True,True,50233 | 50233 | 50233
S-RUS-TRANSL-32-ICAO-105,S-RUS-TRANSL-32-ICAO-105,icao,3-2,positive,3,True,True,48859 | 48859 | 48859
S-RUS-TRANSL-32-ICAO-106,S-RUS-TRANSL-32-ICAO-106,icao,3-2,positive,3,True,True,16692 | 16692 | 16692
S-RUS-TRANSL-32-ICAO-107,S-RUS-TRANSL-32-ICAO-107,icao,3-2,positive,3,True,True,43094 | 43094 | 43094
S-RUS-TRANSL-32-ICAO-108,S-RUS-TRANSL-32-ICAO-108,icao,3-2,positive,3,True,True,37733 | 37733 | 37733
S-RUS-TRANSL-32-ICAO-109,S-RUS-TRANSL-32-ICAO-109,icao,3-2,positive,3,True,True,35484 | 35484 | 35484
S-RUS-TRANSL-32-ICAO-110,S-RUS-TRANSL-32-ICAO-110,icao,3-2,positive,3,True,True,36865 | 36865 | 36865
S-RUS-TRANSL-32-ICAO-111,S-RUS-TRANSL-32-ICAO-111,icao,3-2,positive,3,True,True,46549 | 46549 | 46549
S-RUS-TRANSL-32-ICAO-112,S-RUS-TRANSL-32-ICAO-112,icao,3-2,positive,3,True,True,35173 | 35173 | 35173
S-RUS-TRANSL-32-ICAO-113,S-RUS-TRANSL-32-ICAO-113,icao,3-2,positive,3,True,True,49515 | 49515 | 49515
S-RUS-TRANSL-32-ICAO-114,S-RUS-TRANSL-32-ICAO-114,icao,3-2,positive,3,True,True,46784 | 46784 | 46784
S-RUS-TRANSL-32-ICAO-115,S-RUS-TRANSL-32-ICAO-115,icao,3-2,positive,3,True,True,32751 | 32751 | 32751
S-RUS-TRANSL-32-ICAO-116,S-RUS-TRANSL-32-ICAO-116,icao,3-2,positive,3,True,True,35393 | 35393 | 35393
S-RUS-TRANSL-32-ICAO-117,S-RUS-TRANSL-32-ICAO-117,icao,3-2,positive,3,True,True,41001 | 41001 | 41001
S-RUS-TRANSL-32-ICAO-118,S-RUS-TRANSL-32-ICAO-118,icao,3-2,positive,3,True,True,35521 | 35521 | 35521
S-RUS-TRANSL-32-ICAO-119,S-RUS-TRANSL-32-ICAO-119,icao,3-2,positive,3,True,True,16710 | 16710 | 16710
S-RUS-TRANSL-32-ICAO-120,S-RUS-TRANSL-32-ICAO-120,icao,3-2,positive,3,True,True,10138 | 10138 | 10138
S-RUS-TRANSL-32-ICAO-121,S-RUS-TRANSL-32-ICAO-121,icao,3-2,positive,3,True,True,35517 | 35517 | 35517
S-RUS-TRANSL-32-ICAO-122,S-RUS-TRANSL-32-ICAO-122,icao,3-2,positive,3,True,True,45913 | 45913 | 45913
S-RUS-TRANSL-32-ICAO-123,S-RUS-TRANSL-32-ICAO-123,icao,3-2,positive,3,True,True,36478 | 36478 | 36478
S-RUS-TRANSL-32-ICAO-124,S-RUS-TRANSL-32-ICAO-124,icao,3-2,positive,3,True,True,35413 | 35413 | 35413
S-RUS-TRANSL-32-ICAO-125,S-RUS-TRANSL-32-ICAO-125,icao,3-2,positive,3,True,True,16655 | 16655 | 16655
S-RUS-TRANSL-32-ICAO-126,S-RUS-TRANSL-32-ICAO-126,icao,3-2,positive,3,True,True,41055 | 41055 | 41055
S-RUS-TRANSL-32-ICAO-127,S-RUS-TRANSL-32-ICAO-127,icao,3-2,positive,3,True,True,45821 | 45821 | 45821
S-RUS-TRANSL-32-ICAO-128,S-RUS-TRANSL-32-ICAO-128,icao,3-2,positive,3,True,True,35442 | 35442 | 35442
S-RUS-TRANSL-32-ICAO-129,S-RUS-TRANSL-32-ICAO-129,icao,3-2,positive,3,True,True,45060 | 45060 | 45060
S-RUS-TRANSL-32-ICAO-130,S-RUS-TRANSL-32-ICAO-130,icao,3-2,positive,3,True,True,33023 | 33023 | 33023
S-RUS-TRANSL-32-ICAO-131,S-RUS-TRANSL-32-ICAO-131,icao,3-2,positive,3,True,True,35511 | 35511 | 35511
S-RUS-TRANSL-32-ICAO-132,S-RUS-TRANSL-32-ICAO-132,icao,3-2,positive,3,True,True,41037 | 41037 | 41037
S-RUS-TRANSL-32-ICAO-133,S-RUS-TRANSL-32-ICAO-133,icao,3-2,positive,3,True,True,40244 | 40244 | 40244
S-RUS-TRANSL-32-ICAO-134,S-RUS-TRANSL-32-ICAO-134,icao,3-2,positive,3,True,True,35505 | 35505 | 35505
S-RUS-TRANSL-32-ICAO-135,S-RUS-TRANSL-32-ICAO-135,icao,3-2,positive,3,True,True,26723 | 26723 | 26723
S-RUS-TRANSL-32-ICAO-136,S-RUS-TRANSL-32-ICAO-136,icao,3-2,positive,3,True,True,47787 | 47787 | 47787
S-RUS-TRANSL-32-ICAO-137,S-RUS-TRANSL-32-ICAO-137,icao,3-2,positive,3,True,True,38158 | 38158 | 38158
S-RUS-TRANSL-32-ICAO-138,S-RUS-TRANSL-32-ICAO-138,icao,3-2,positive,3,True,True,36884 | 36884 | 36884
S-RUS-TRANSL-32-ICAO-139,S-RUS-TRANSL-32-ICAO-139,icao,3-2,positive,3,True,True,35580 | 35580 | 35580
S-RUS-TRANSL-32-ICAO-140,S-RUS-TRANSL-32-ICAO-140,icao,3-2,positive,3,True,True,37303 | 37303 | 37303
S-RUS-TRANSL-32-ICAO-141,S-RUS-TRANSL-32-ICAO-141,icao,3-2,positive,3,True,True,52616 | 52616 | 52616
S-RUS-TRANSL-32-ICAO-142,S-RUS-TRANSL-32-ICAO-142,icao,3-2,positive,3,True,True,"34976,39784 | 34976,39784 | 34976,39784"
S-RUS-TRANSL-32-ICAO-143,S-RUS-TRANSL-32-ICAO-143,icao,3-2,positive,3,True,True,48879 | 48879 | 48879
S-RUS-TRANSL-32-ICAO-144,S-RUS-TRANSL-32-ICAO-144,icao,3-2,positive,3,True,True,22404 | 22404 | 22404
S-RUS-TRANSL-32-ICAO-145,S-RUS-TRANSL-32-ICAO-145,icao,3-2,positive,3,True,True,22404 | 22404 | 22404
S-RUS-TRANSL-32-ICAO-146,S-RUS-TRANSL-32-ICAO-146,icao,3-2,positive,3,True,True,16667 | 16667 | 16667
S-RUS-TRANSL-32-ICAO-147,S-RUS-TRANSL-32-ICAO-147,icao,3-2,positive,3,True,True,40133 | 40133 | 40133
S-RUS-TRANSL-32-ICAO-148,S-RUS-TRANSL-32-ICAO-148,icao,3-2,positive,3,True,True,16601 | 16601 | 16601
S-RUS-TRANSL-32-ICAO-149,S-RUS-TRANSL-32-ICAO-149,icao,3-2,positive,3,True,True,35451 | 35451 | 35451
S-RUS-TRANSL-32-ICAO-150,S-RUS-TRANSL-32-ICAO-150,icao,3-2,positive,3,True,True,9762 | 9762 | 9762
S-RUS-TRANSL-32-ICAO-151,S-RUS-TRANSL-32-ICAO-151,icao,3-2,positive,3,True,True,36896 | 36896 | 36896
S-RUS-TRANSL-33-FRENCH-001,S-RUS-TRANSL-33-FRENCH-001,french,3-3,positive,3,True,True,36763 | 36763 | 36763
S-RUS-TRANSL-33-FRENCH-002,S-RUS-TRANSL-33-FRENCH-002,french,3-3,positive,3,True,True,44540 | 44540 | 44540
S-RUS-TRANSL-33-FRENCH-003,S-RUS-TRANSL-33-FRENCH-003,french,3-3,positive,3,True,True,32745 | 32745 | 32745
S-RUS-TRANSL-33-FRENCH-004,S-RUS-TRANSL-33-FRENCH-004,french,3-3,positive,3,True,True,37844 | 37844 | 37844
S-RUS-TRANSL-33-FRENCH-005,S-RUS-TRANSL-33-FRENCH-005,french,3-3,positive,3,True,True,30517 | 30517 | 30517
S-RUS-TRANSL-33-FRENCH-006,S-RUS-TRANSL-33-FRENCH-006,french,3-3,positive,3,True,True,50216 | 50216 | 50216
S-RUS-TRANSL-33-FRENCH-007,S-RUS-TRANSL-33-FRENCH-007,french,3-3,positive,3,True,True,42196 | 42196 | 42196
S-RUS-TRANSL-33-FRENCH-008,S-RUS-TRANSL-33-FRENCH-008,french,3-3,positive,3,True,True,35226 | 35226 | 35226
S-RUS-TRANSL-33-FRENCH-009,S-RUS-TRANSL-33-FRENCH-009,french,3-3,positive,3,True,True,20920 | 20920 | 20920
S-RUS-TRANSL-33-FRENCH-010,S-RUS-TRANSL-33-FRENCH-010,french,3-3,positive,3,True,True,35399 | 35399 | 35399
S-RUS-TRANSL-33-FRENCH-011,S-RUS-TRANSL-33-FRENCH-011,french,3-3,positive,3,True,True,35414 | 35414 | 35414
S-RUS-TRANSL-33-FRENCH-012,S-RUS-TRANSL-33-FRENCH-012,french,3-3,positive,3,True,True,45862 | 45862 | 45862
S-RUS-TRANSL-33-FRENCH-013,S-RUS-TRANSL-33-FRENCH-013,french,3-3,positive,3,True,True,34577 | 34577 | 34577
S-RUS-TRANSL-33-FRENCH-014,S-RUS-TRANSL-33-FRENCH-014,french,3-3,positive,3,True,True,37812 | 37812 | 37812
S-RUS-TRANSL-33-FRENCH-015,S-RUS-TRANSL-33-FRENCH-015,french,3-3,positive,3,True,True,37853 | 37853 | 37853
S-RUS-TRANSL-33-FRENCH-016,S-RUS-TRANSL-33-FRENCH-016,french,3-3,positive,3,True,True,37178 | 37178 | 37178
S-RUS-TRANSL-33-FRENCH-017,S-RUS-TRANSL-33-FRENCH-017,french,3-3,positive,3,True,True,48774 | 48774 | 48774
S-RUS-TRANSL-33-FRENCH-018,S-RUS-TRANSL-33-FRENCH-018,french,3-3,positive,3,True,True,37116 | 37116 | 37116
S-RUS-TRANSL-33-FRENCH-019,S-RUS-TRANSL-33-FRENCH-019,french,3-3,positive,3,True,True,50272 | 50272 | 50272
S-RUS-TRANSL-33-FRENCH-020,S-RUS-TRANSL-33-FRENCH-020,french,3-3,positive,3,True,True,39215 | 39215 | 39215
S-RUS-TRANSL-33-FRENCH-021,S-RUS-TRANSL-33-FRENCH-021,french,3-3,positive,3,True,True,50230 | 50230 | 50230
S-RUS-TRANSL-33-FRENCH-022,S-RUS-TRANSL-33-FRENCH-022,french,3-3,positive,3,True,True,35463 | 35463 | 35463
S-RUS-TRANSL-33-FRENCH-023,S-RUS-TRANSL-33-FRENCH-023,french,3-3,positive,3,True,True,51948 | 51948 | 51948
S-RUS-TRANSL-33-FRENCH-024,S-RUS-TRANSL-33-FRENCH-024,french,3-3,positive,3,True,True,45702 | 45702 | 45702
S-RUS-TRANSL-33-FRENCH-025,S-RUS-TRANSL-33-FRENCH-025,french,3-3,positive,3,True,True,31454 | 31454 | 31454
S-RUS-TRANSL-33-FRENCH-026,S-RUS-TRANSL-33-FRENCH-026,french,3-3,positive,3,True,True,35610 | 35610 | 35610
S-RUS-TRANSL-33-FRENCH-027,S-RUS-TRANSL-33-FRENCH-027,french,3-3,positive,3,True,True,35013 | 35013 | 35013
S-RUS-TRANSL-33-FRENCH-028,S-RUS-TRANSL-33-FRENCH-028,french,3-3,positive,3,True,True,51852 | 51852 | 51852
S-RUS-TRANSL-33-FRENCH-029,S-RUS-TRANSL-33-FRENCH-029,french,3-3,positive,3,True,True,50404 | 50404 | 50404
S-RUS-TRANSL-33-FRENCH-030,S-RUS-TRANSL-33-FRENCH-030,french,3-3,positive,3,True,True,35501 | 35501 | 35501
S-RUS-TRANSL-33-FRENCH-031,S-RUS-TRANSL-33-FRENCH-031,french,3-3,positive,3,True,True,34658 | 34658 | 34658
S-RUS-TRANSL-33-FRENCH-032,S-RUS-TRANSL-33-FRENCH-032,french,3-3,positive,3,True,True,37003 | 37003 | 37003
S-RUS-TRANSL-33-FRENCH-033,S-RUS-TRANSL-33-FRENCH-033,french,3-3,positive,3,True,True,48767 | 48767 | 48767
S-RUS-TRANSL-33-FRENCH-034,S-RUS-TRANSL-33-FRENCH-034,french,3-3,positive,3,True,True,36793 | 36793 | 36793
S-RUS-TRANSL-33-FRENCH-035,S-RUS-TRANSL-33-FRENCH-035,french,3-3,positive,3,True,True,38078 | 38078 | 38078
S-RUS-TRANSL-33-FRENCH-036,S-RUS-TRANSL-33-FRENCH-036,french,3-3,positive,3,True,True,36792 | 36792 | 36792
S-RUS-TRANSL-33-FRENCH-037,S-RUS-TRANSL-33-FRENCH-037,french,3-3,positive,3,True,True,35603 | 35603 | 35603
S-RUS-TRANSL-33-FRENCH-038,S-RUS-TRANSL-33-FRENCH-038,french,3-3,positive,3,True,True,36786 | 36786 | 36786
S-RUS-TRANSL-33-FRENCH-039,S-RUS-TRANSL-33-FRENCH-039,french,3-3,positive,3,True,True,9761 | 9761 | 9761
S-RUS-TRANSL-33-FRENCH-040,S-RUS-TRANSL-33-FRENCH-040,french,3-3,positive,3,True,True,36798 | 36798 | 36798
S-RUS-TRANSL-33-FRENCH-041,S-RUS-TRANSL-33-FRENCH-041,french,3-3,positive,3,True,True,35630 | 35630 | 35630
S-RUS-TRANSL-33-FRENCH-042,S-RUS-TRANSL-33-FRENCH-042,french,3-3,positive,3,True,True,35620 | 35620 | 35620
S-RUS-TRANSL-33-FRENCH-043,S-RUS-TRANSL-33-FRENCH-043,french,3-3,positive,3,True,True,41439 | 41439 | 41439
S-RUS-TRANSL-33-FRENCH-044,S-RUS-TRANSL-33-FRENCH-044,french,3-3,positive,3,True,True,22411 | 22411 | 22411
S-RUS-TRANSL-33-FRENCH-045,S-RUS-TRANSL-33-FRENCH-045,french,3-3,positive,3,True,True,31950 | 31950 | 31950
S-RUS-TRANSL-33-FRENCH-046,S-RUS-TRANSL-33-FRENCH-046,french,3-3,positive,3,True,True,36996 | 36996 | 36996
S-RUS-TRANSL-33-FRENCH-047,S-RUS-TRANSL-33-FRENCH-047,french,3-3,positive,3,True,True,35639 | 35639 | 35639
S-RUS-TRANSL-33-FRENCH-048,S-RUS-TRANSL-33-FRENCH-048,french,3-3,positive,3,True,True,30545 | 30545 | 30545
S-RUS-TRANSL-33-FRENCH-049,S-RUS-TRANSL-33-FRENCH-049,french,3-3,positive,3,True,True,44882 | 44882 | 44882
S-RUS-TRANSL-33-FRENCH-050,S-RUS-TRANSL-33-FRENCH-050,french,3-3,positive,3,True,True,37841 | 37841 | 37841
S-RUS-TRANSL-33-FRENCH-051,S-RUS-TRANSL-33-FRENCH-051,french,3-3,positive,3,True,True,37328 | 37328 | 37328
S-RUS-TRANSL-33-FRENCH-052,S-RUS-TRANSL-33-FRENCH-052,french,3-3,positive,3,True,True,41050 | 41050 | 41050
S-RUS-TRANSL-33-FRENCH-053,S-RUS-TRANSL-33-FRENCH-053,french,3-3,positive,3,True,True,39212 | 39212 | 39212
S-RUS-TRANSL-33-FRENCH-054,S-RUS-TRANSL-33-FRENCH-054,french,3-3,positive,3,True,True,40119 | 40119 | 40119
S-RUS-TRANSL-33-FRENCH-055,S-RUS-TRANSL-33-FRENCH-055,french,3-3,positive,3,True,True,35242 | 35242 | 35242
S-RUS-TRANSL-33-FRENCH-056,S-RUS-TRANSL-33-FRENCH-056,french,3-3,positive,3,True,True,36809 | 36809 | 36809
S-RUS-TRANSL-33-FRENCH-057,S-RUS-TRANSL-33-FRENCH-057,french,3-3,positive,3,True,True,16949 | 16949 | 16949
S-RUS-TRANSL-33-FRENCH-058,S-RUS-TRANSL-33-FRENCH-058,french,3-3,positive,3,True,True,36803 | 36803 | 36803
S-RUS-TRANSL-33-FRENCH-059,S-RUS-TRANSL-33-FRENCH-059,french,3-3,positive,3,True,True,36483 | 36483 | 36483
S-RUS-TRANSL-33-FRENCH-060,S-RUS-TRANSL-33-FRENCH-060,french,3-3,positive,3,True,True,37335 | 37335 | 37335
S-RUS-TRANSL-33-FRENCH-061,S-RUS-TRANSL-33-FRENCH-061,french,3-3,positive,3,True,True,37337 | 37337 | 37337
S-RUS-TRANSL-33-FRENCH-062,S-RUS-TRANSL-33-FRENCH-062,french,3-3,positive,3,True,True,37729 | 37729 | 37729
S-RUS-TRANSL-33-FRENCH-063,S-RUS-TRANSL-33-FRENCH-063,french,3-3,positive,3,True,True,36480 | 36480 | 36480
S-RUS-TRANSL-33-FRENCH-064,S-RUS-TRANSL-33-FRENCH-064,french,3-3,positive,3,True,True,51957 | 51957 | 51957
S-RUS-TRANSL-33-FRENCH-065,S-RUS-TRANSL-33-FRENCH-065,french,3-3,positive,3,True,True,35672 | 35672 | 35672
S-RUS-TRANSL-33-FRENCH-066,S-RUS-TRANSL-33-FRENCH-066,french,3-3,positive,3,True,True,35676 | 35676 | 35676
S-RUS-TRANSL-33-FRENCH-067,S-RUS-TRANSL-33-FRENCH-067,french,3-3,positive,3,True,True,40572 | 40572 | 40572
S-RUS-TRANSL-33-FRENCH-068,S-RUS-TRANSL-33-FRENCH-068,french,3-3,positive,3,True,True,37340 | 37340 | 37340
S-RUS-TRANSL-33-FRENCH-069,S-RUS-TRANSL-33-FRENCH-069,french,3-3,positive,3,True,True,44142 | 44142 | 44142
S-RUS-TRANSL-33-FRENCH-070,S-RUS-TRANSL-33-FRENCH-070,french,3-3,positive,3,True,True,35398 | 35398 | 35398
S-RUS-TRANSL-33-FRENCH-071,S-RUS-TRANSL-33-FRENCH-071,french,3-3,positive,3,True,True,33401 | 33401 | 33401
S-RUS-TRANSL-33-FRENCH-072,S-RUS-TRANSL-33-FRENCH-072,french,3-3,positive,3,True,True,38616 | 38616 | 38616
S-RUS-TRANSL-33-FRENCH-073,S-RUS-TRANSL-33-FRENCH-073,french,3-3,positive,3,True,True,41051 | 41051 | 41051
S-RUS-TRANSL-33-FRENCH-074,S-RUS-TRANSL-33-FRENCH-074,french,3-3,positive,3,True,True,16670 | 16670 | 16670
S-RUS-TRANSL-33-FRENCH-075,S-RUS-TRANSL-33-FRENCH-075,french,3-3,positive,3,True,True,50973 | 50973 | 50973
S-RUS-TRANSL-33-FRENCH-076,S-RUS-TRANSL-33-FRENCH-076,french,3-3,positive,3,True,True,36829 | 36829 | 36829
S-RUS-TRANSL-33-FRENCH-077,S-RUS-TRANSL-33-FRENCH-077,french,3-3,positive,3,True,True,35766 | 35766 | 35766
S-RUS-TRANSL-33-FRENCH-078,S-RUS-TRANSL-33-FRENCH-078,french,3-3,positive,3,True,True,40661 | 40661 | 40661
S-RUS-TRANSL-33-FRENCH-079,S-RUS-TRANSL-33-FRENCH-079,french,3-3,positive,3,True,True,36836 | 36836 | 36836
S-RUS-TRANSL-33-FRENCH-080,S-RUS-TRANSL-33-FRENCH-080,french,3-3,positive,3,True,True,40240 | 40240 | 40240
S-RUS-TRANSL-33-FRENCH-081,S-RUS-TRANSL-33-FRENCH-081,french,3-3,positive,3,True,True,50603 | 50603 | 50603
S-RUS-TRANSL-33-FRENCH-082,S-RUS-TRANSL-33-FRENCH-082,french,3-3,positive,3,True,True,36837 | 36837 | 36837
S-RUS-TRANSL-33-FRENCH-083,S-RUS-TRANSL-33-FRENCH-083,french,3-3,positive,3,True,True,47779 | 47779 | 47779
S-RUS-TRANSL-33-FRENCH-084,S-RUS-TRANSL-33-FRENCH-084,french,3-3,positive,3,True,True,35691 | 35691 | 35691
S-RUS-TRANSL-33-FRENCH-085,S-RUS-TRANSL-33-FRENCH-085,french,3-3,positive,3,True,True,35421 | 35421 | 35421
S-RUS-TRANSL-33-FRENCH-086,S-RUS-TRANSL-33-FRENCH-086,french,3-3,positive,3,True,True,37177 | 37177 | 37177
S-RUS-TRANSL-33-FRENCH-087,S-RUS-TRANSL-33-FRENCH-087,french,3-3,positive,3,True,True,38799 | 38799 | 38799
S-RUS-TRANSL-33-FRENCH-088,S-RUS-TRANSL-33-FRENCH-088,french,3-3,positive,3,True,True,48855 | 48855 | 48855
S-RUS-TRANSL-33-FRENCH-089,S-RUS-TRANSL-33-FRENCH-089,french,3-3,positive,3,True,True,35027 | 35027 | 35027
S-RUS-TRANSL-33-FRENCH-090,S-RUS-TRANSL-33-FRENCH-090,french,3-3,positive,3,True,True,31671 | 31671 | 31671
S-RUS-TRANSL-33-FRENCH-091,S-RUS-TRANSL-33-FRENCH-091,french,3-3,positive,3,True,True,35404 | 35404 | 35404
S-RUS-TRANSL-33-FRENCH-092,S-RUS-TRANSL-33-FRENCH-092,french,3-3,positive,3,True,True,37363 | 37363 | 37363
S-RUS-TRANSL-33-FRENCH-093,S-RUS-TRANSL-33-FRENCH-093,french,3-3,positive,3,True,True,42874 | 42874 | 42874
S-RUS-TRANSL-33-FRENCH-094,S-RUS-TRANSL-33-FRENCH-094,french,3-3,positive,3,True,True,35715 | 35715 | 35715
S-RUS-TRANSL-33-FRENCH-095,S-RUS-TRANSL-33-FRENCH-095,french,3-3,positive,3,True,True,36957 | 36957 | 36957
S-RUS-TRANSL-33-FRENCH-096,S-RUS-TRANSL-33-FRENCH-096,french,3-3,positive,3,True,True,36054 | 36054 | 36054
S-RUS-TRANSL-33-FRENCH-097,S-RUS-TRANSL-33-FRENCH-097,french,3-3,positive,3,True,True,16673 | 16673 | 16673
S-RUS-TRANSL-33-FRENCH-098,S-RUS-TRANSL-33-FRENCH-098,french,3-3,positive,3,True,True,39208 | 39208 | 39208
S-RUS-TRANSL-33-FRENCH-099,S-RUS-TRANSL-33-FRENCH-099,french,3-3,positive,3,True,True,35530 | 35530 | 35530
S-RUS-TRANSL-33-FRENCH-100,S-RUS-TRANSL-33-FRENCH-100,french,3-3,positive,3,True,True,35781 | 35781 | 35781
S-RUS-TRANSL-33-FRENCH-101,S-RUS-TRANSL-33-FRENCH-101,french,3-3,positive,3,True,True,43538 | 43538 | 43538
S-RUS-TRANSL-33-FRENCH-102,S-RUS-TRANSL-33-FRENCH-102,french,3-3,positive,3,True,True,35528 | 35528 | 35528
S-RUS-TRANSL-33-FRENCH-103,S-RUS-TRANSL-33-FRENCH-103,french,3-3,positive,3,True,True,52260 | 52260 | 52260
S-RUS-TRANSL-33-FRENCH-104,S-RUS-TRANSL-33-FRENCH-104,french,3-3,positive,3,True,True,50233 | 50233 | 50233
S-RUS-TRANSL-33-FRENCH-105,S-RUS-TRANSL-33-FRENCH-105,french,3-3,positive,3,True,True,48859 | 48859 | 48859
S-RUS-TRANSL-33-FRENCH-106,S-RUS-TRANSL-33-FRENCH-106,french,3-3,positive,3,True,True,16692 | 16692 | 16692
S-RUS-TRANSL-33-FRENCH-107,S-RUS-TRANSL-33-FRENCH-107,french,3-3,positive,3,True,True,43094 | 43094 | 43094
S-RUS-TRANSL-33-FRENCH-108,S-RUS-TRANSL-33-FRENCH-108,french,3-3,positive,3,True,True,37733 | 37733 | 37733
S-RUS-TRANSL-33-FRENCH-109,S-RUS-TRANSL-33-FRENCH-109,french,3-3,positive,3,True,True,35484 | 35484 | 35484
S-RUS-TRANSL-33-FRENCH-110,S-RUS-TRANSL-33-FRENCH-110,french,3-3,positive,3,True,True,36865 | 36865 | 36865
S-RUS-TRANSL-33-FRENCH-111,S-RUS-TRANSL-33-FRENCH-111,french,3-3,positive,3,True,True,46549 | 46549 | 46549
S-RUS-TRANSL-33-FRENCH-112,S-RUS-TRANSL-33-FRENCH-112,french,3-3,positive,3,True,True,35173 | 35173 | 35173
S-RUS-TRANSL-33-FRENCH-113,S-RUS-TRANSL-33-FRENCH-113,french,3-3,positive,3,True,True,49515 | 49515 | 49515
S-RUS-TRANSL-33-FRENCH-114,S-RUS-TRANSL-33-FRENCH-114,french,3-3,positive,3,True,True,46784 | 46784 | 46784
S-RUS-TRANSL-33-FRENCH-115,S-RUS-TRANSL-33-FRENCH-115,french,3-3,positive,3,True,True,32751 | 32751 | 32751
S-RUS-TRANSL-33-FRENCH-116,S-RUS-TRANSL-33-FRENCH-116,french,3-3,positive,3,True,True,35393 | 35393 | 35393
S-RUS-TRANSL-33-FRENCH-117,S-RUS-TRANSL-33-FRENCH-117,french,3-3,positive,3,True,True,41001 | 41001 | 41001
S-RUS-TRANSL-33-FRENCH-118,S-RUS-TRANSL-33-FRENCH-118,french,3-3,positive,3,True,True,35521 | 35521 | 35521
S-RUS-TRANSL-33-FRENCH-119,S-RUS-TRANSL-33-FRENCH-119,french,3-3,positive,3,True,True,16710 | 16710 | 16710
S-RUS-TRANSL-33-FRENCH-120,S-RUS-TRANSL-33-FRENCH-120,french,3-3,positive,3,True,True,10138 | 10138 | 10138
S-RUS-TRANSL-33-FRENCH-121,S-RUS-TRANSL-33-FRENCH-121,french,3-3,positive,3,True,True,35517 | 35517 | 35517
S-RUS-TRANSL-33-FRENCH-122,S-RUS-TRANSL-33-FRENCH-122,french,3-3,positive,3,True,True,45913 | 45913 | 45913
S-RUS-TRANSL-33-FRENCH-123,S-RUS-TRANSL-33-FRENCH-123,french,3-3,positive,3,True,True,36478 | 36478 | 36478
S-RUS-TRANSL-33-FRENCH-124,S-RUS-TRANSL-33-FRENCH-124,french,3-3,positive,3,True,True,35413 | 35413 | 35413
S-RUS-TRANSL-33-FRENCH-125,S-RUS-TRANSL-33-FRENCH-125,french,3-3,positive,3,True,True,16655 | 16655 | 16655
S-RUS-TRANSL-33-FRENCH-126,S-RUS-TRANSL-33-FRENCH-126,french,3-3,positive,3,True,True,41055 | 41055 | 41055
S-RUS-TRANSL-33-FRENCH-127,S-RUS-TRANSL-33-FRENCH-127,french,3-3,positive,3,True,True,45821 | 45821 | 45821
S-RUS-TRANSL-33-FRENCH-128,S-RUS-TRANSL-33-FRENCH-128,french,3-3,positive,3,True,True,35442 | 35442 | 35442
S-RUS-TRANSL-33-FRENCH-129,S-RUS-TRANSL-33-FRENCH-129,french,3-3,positive,3,True,True,45060 | 45060 | 45060
S-RUS-TRANSL-33-FRENCH-130,S-RUS-TRANSL-33-FRENCH-130,french,3-3,positive,3,True,True,33023 | 33023 | 33023
S-RUS-TRANSL-33-FRENCH-131,S-RUS-TRANSL-33-FRENCH-131,french,3-3,positive,3,True,True,35511 | 35511 | 35511
S-RUS-TRANSL-33-FRENCH-132,S-RUS-TRANSL-33-FRENCH-132,french,3-3,positive,3,True,True,41037 | 41037 | 41037
S-RUS-TRANSL-33-FRENCH-133,S-RUS-TRANSL-33-FRENCH-133,french,3-3,positive,3,True,True,40244 | 40244 | 40244
S-RUS-TRANSL-33-FRENCH-134,S-RUS-TRANSL-33-FRENCH-134,french,3-3,positive,3,True,True,35505 | 35505 | 35505
S-RUS-TRANSL-33-FRENCH-135,S-RUS-TRANSL-33-FRENCH-135,french,3-3,positive,3,True,True,26723 | 26723 | 26723
S-RUS-TRANSL-33-FRENCH-136,S-RUS-TRANSL-33-FRENCH-136,french,3-3,positive,3,True,True,47787 | 47787 | 47787
S-RUS-TRANSL-33-FRENCH-137,S-RUS-TRANSL-33-FRENCH-137,french,3-3,positive,3,True,True,38158 | 38158 | 38158
S-RUS-TRANSL-33-FRENCH-138,S-RUS-TRANSL-33-FRENCH-138,french,3-3,positive,3,True,True,36884 | 36884 | 36884
S-RUS-TRANSL-33-FRENCH-139,S-RUS-TRANSL-33-FRENCH-139,french,3-3,positive,3,True,True,35580 | 35580 | 35580
S-RUS-TRANSL-33-FRENCH-140,S-RUS-TRANSL-33-FRENCH-140,french,3-3,positive,3,True,True,37303 | 37303 | 37303
S-RUS-TRANSL-33-FRENCH-141,S-RUS-TRANSL-33-FRENCH-141,french,3-3,positive,3,True,True,52616 | 52616 | 52616
S-RUS-TRANSL-33-FRENCH-142,S-RUS-TRANSL-33-FRENCH-142,french,3-3,positive,3,True,True,34976 | 34976 | 34976
S-RUS-TRANSL-33-FRENCH-143,S-RUS-TRANSL-33-FRENCH-143,french,3-3,positive,3,True,True,48879 | 48879 | 48879
S-RUS-TRANSL-33-FRENCH-144,S-RUS-TRANSL-33-FRENCH-144,french,3-3,positive,3,True,True,22404 | 22404 | 22404
S-RUS-TRANSL-33-FRENCH-145,S-RUS-TRANSL-33-FRENCH-145,french,3-3,positive,3,True,True,22404 | 22404 | 22404
S-RUS-TRANSL-33-FRENCH-146,S-RUS-TRANSL-33-FRENCH-146,french,3-3,positive,3,True,True,16667 | 16667 | 16667
S-RUS-TRANSL-33-FRENCH-147,S-RUS-TRANSL-33-FRENCH-147,french,3-3,positive,3,True,True,40133 | 40133 | 40133
S-RUS-TRANSL-33-FRENCH-148,S-RUS-TRANSL-33-FRENCH-148,french,3-3,positive,3,True,True,16601 | 16601 | 16601
S-RUS-TRANSL-33-FRENCH-149,S-RUS-TRANSL-33-FRENCH-149,french,3-3,positive,3,True,True,35451 | 35451 | 35451
S-RUS-TRANSL-33-FRENCH-150,S-RUS-TRANSL-33-FRENCH-150,french,3-3,positive,3,True,True,9762 | 9762 | 9762
S-RUS-TRANSL-33-FRENCH-151,S-RUS-TRANSL-33-FRENCH-151,french,3-3,positive,3,True,True,36896 | 36896 | 36896
S-RUS-TRANSL-33-ICAO-001,S-RUS-TRANSL-33-ICAO-001,icao,3-3,positive,3,True,True,36763 | 36763 | 36763
S-RUS-TRANSL-33-ICAO-002,S-RUS-TRANSL-33-ICAO-002,icao,3-3,positive,3,True,True,44540 | 44540 | 44540
S-RUS-TRANSL-33-ICAO-003,S-RUS-TRANSL-33-ICAO-003,icao,3-3,positive,3,True,True,32745 | 32745 | 32745
S-RUS-TRANSL-33-ICAO-004,S-RUS-TRANSL-33-ICAO-004,icao,3-3,positive,3,True,True,37844 | 37844 | 37844
S-RUS-TRANSL-33-ICAO-005,S-RUS-TRANSL-33-ICAO-005,icao,3-3,positive,3,True,True,30517 | 30517 | 30517
S-RUS-TRANSL-33-ICAO-006,S-RUS-TRANSL-33-ICAO-006,icao,3-3,positive,3,True,True,50216 | 50216 | 50216
S-RUS-TRANSL-33-ICAO-007,S-RUS-TRANSL-33-ICAO-007,icao,3-3,positive,3,True,True,42196 | 42196 | 42196
S-RUS-TRANSL-33-ICAO-008,S-RUS-TRANSL-33-ICAO-008,icao,3-3,positive,3,True,True,35226 | 35226 | 35226
S-RUS-TRANSL-33-ICAO-009,S-RUS-TRANSL-33-ICAO-009,icao,3-3,positive,3,True,True,20920 | 20920 | 20920
S-RUS-TRANSL-33-ICAO-010,S-RUS-TRANSL-33-ICAO-010,icao,3-3,positive,3,True,True,35399 | 35399 | 35399
S-RUS-TRANSL-33-ICAO-011,S-RUS-TRANSL-33-ICAO-011,icao,3-3,positive,3,True,True,35414 | 35414 | 35414
S-RUS-TRANSL-33-ICAO-012,S-RUS-TRANSL-33-ICAO-012,icao,3-3,positive,3,True,True,45862 | 45862 | 45862
S-RUS-TRANSL-33-ICAO-013,S-RUS-TRANSL-33-ICAO-013,icao,3-3,positive,3,True,True,34577 | 34577 | 34577
S-RUS-TRANSL-33-ICAO-014,S-RUS-TRANSL-33-ICAO-014,icao,3-3,positive,3,True,True,37812 | 37812 | 37812
S-RUS-TRANSL-33-ICAO-015,S-RUS-TRANSL-33-ICAO-015,icao,3-3,positive,3,True,True,37853 | 37853 | 37853
S-RUS-TRANSL-33-ICAO-016,S-RUS-TRANSL-33-ICAO-016,icao,3-3,positive,3,True,True,37178 | 37178 | 37178
S-RUS-TRANSL-33-ICAO-017,S-RUS-TRANSL-33-ICAO-017,icao,3-3,positive,3,True,True,48774 | 48774 | 48774
S-RUS-TRANSL-33-ICAO-018,S-RUS-TRANSL-33-ICAO-018,icao,3-3,positive,3,True,True,37116 | 37116 | 37116
S-RUS-TRANSL-33-ICAO-019,S-RUS-TRANSL-33-ICAO-019,icao,3-3,positive,3,True,True,50272 | 50272 | 50272
S-RUS-TRANSL-33-ICAO-020,S-RUS-TRANSL-33-ICAO-020,icao,3-3,positive,3,True,True,39215 | 39215 | 39215
S-RUS-TRANSL-33-ICAO-021,S-RUS-TRANSL-33-ICAO-021,icao,3-3,positive,3,True,True,50230 | 50230 | 50230
S-RUS-TRANSL-33-ICAO-022,S-RUS-TRANSL-33-ICAO-022,icao,3-3,positive,3,True,True,35463 | 35463 | 35463
S-RUS-TRANSL-33-ICAO-023,S-RUS-TRANSL-33-ICAO-023,icao,3-3,positive,3,True,True,51948 | 51948 | 51948
S-RUS-TRANSL-33-ICAO-024,S-RUS-TRANSL-33-ICAO-024,icao,3-3,positive,3,True,True,45702 | 45702 | 45702
S-RUS-TRANSL-33-ICAO-025,S-RUS-TRANSL-33-ICAO-025,icao,3-3,positive,3,True,True,31454 | 31454 | 31454
S-RUS-TRANSL-33-ICAO-026,S-RUS-TRANSL-33-ICAO-026,icao,3-3,positive,3,True,True,35610 | 35610 | 35610
S-RUS-TRANSL-33-ICAO-027,S-RUS-TRANSL-33-ICAO-027,icao,3-3,positive,3,True,True,35013 | 35013 | 35013
S-RUS-TRANSL-33-ICAO-028,S-RUS-TRANSL-33-ICAO-028,icao,3-3,positive,3,True,True,51852 | 51852 | 51852
S-RUS-TRANSL-33-ICAO-029,S-RUS-TRANSL-33-ICAO-029,icao,3-3,positive,3,True,True,50404 | 50404 | 50404
S-RUS-TRANSL-33-ICAO-030,S-RUS-TRANSL-33-ICAO-030,icao,3-3,positive,3,True,True,35501 | 35501 | 35501
S-RUS-TRANSL-33-ICAO-031,S-RUS-TRANSL-33-ICAO-031,icao,3-3,positive,3,True,True,34658 | 34658 | 34658
S-RUS-TRANSL-33-ICAO-032,S-RUS-TRANSL-33-ICAO-032,icao,3-3,positive,3,True,True,37003 | 37003 | 37003
S-RUS-TRANSL-33-ICAO-033,S-RUS-TRANSL-33-ICAO-033,icao,3-3,positive,3,True,True,48767 | 48767 | 48767
S-RUS-TRANSL-33-ICAO-034,S-RUS-TRANSL-33-ICAO-034,icao,3-3,positive,3,True,True,36793 | 36793 | 36793
S-RUS-TRANSL-33-ICAO-035,S-RUS-TRANSL-33-ICAO-035,icao,3-3,positive,3,True,True,38078 | 38078 | 38078
S-RUS-TRANSL-33-ICAO-036,S-RUS-TRANSL-33-ICAO-036,icao,3-3,positive,3,True,True,36792 | 36792 | 36792
S-RUS-TRANSL-33-ICAO-037,S-RUS-TRANSL-33-ICAO-037,icao,3-3,positive,3,True,True,35603 | 35603 | 35603
S-RUS-TRANSL-33-ICAO-038,S-RUS-TRANSL-33-ICAO-038,icao,3-3,positive,3,True,True,36786 | 36786 | 36786
S-RUS-TRANSL-33-ICAO-039,S-RUS-TRANSL-33-ICAO-039,icao,3-3,positive,3,True,True,9761 | 9761 | 9761
S-RUS-TRANSL-33-ICAO-040,S-RUS-TRANSL-33-ICAO-040,icao,3-3,positive,3,True,True,36798 | 36798 | 36798
S-RUS-TRANSL-33-ICAO-041,S-RUS-TRANSL-33-ICAO-041,icao,3-3,positive,3,True,True,35630 | 35630 | 35630
S-RUS-TRANSL-33-ICAO-042,S-RUS-TRANSL-33-ICAO-042,icao,3-3,positive,3,True,True,35620 | 35620 | 35620
S-RUS-TRANSL-33-ICAO-043,S-RUS-TRANSL-33-ICAO-043,icao,3-3,positive,3,True,True,41439 | 41439 | 41439
S-RUS-TRANSL-33-ICAO-044,S-RUS-TRANSL-33-ICAO-044,icao,3-3,positive,3,True,True,22411 | 22411 | 22411
S-RUS-TRANSL-33-ICAO-045,S-RUS-TRANSL-33-ICAO-045,icao,3-3,positive,3,True,True,31950 | 31950 | 31950
S-RUS-TRANSL-33-ICAO-046,S-RUS-TRANSL-33-ICAO-046,icao,3-3,positive,3,True,True,36996 | 36996 | 36996
S-RUS-TRANSL-33-ICAO-047,S-RUS-TRANSL-33-ICAO-047,icao,3-3,positive,3,True,True,35639 | 35639 | 35639
S-RUS-TRANSL-33-ICAO-048,S-RUS-TRANSL-33-ICAO-048,icao,3-3,positive,3,True,True,30545 | 30545 | 30545
S-RUS-TRANSL-33-ICAO-049,S-RUS-TRANSL-33-ICAO-049,icao,3-3,positive,3,True,True,44882 | 44882 | 44882
S-RUS-TRANSL-33-ICAO-050,S-RUS-TRANSL-33-ICAO-050,icao,3-3,positive,3,True,True,37841 | 37841 | 37841
S-RUS-TRANSL-33-ICAO-051,S-RUS-TRANSL-33-ICAO-051,icao,3-3,positive,3,True,True,37328 | 37328 | 37328
S-RUS-TRANSL-33-ICAO-052,S-RUS-TRANSL-33-ICAO-052,icao,3-3,positive,3,True,True,41050 | 41050 | 41050
S-RUS-TRANSL-33-ICAO-053,S-RUS-TRANSL-33-ICAO-053,icao,3-3,positive,3,True,True,39212 | 39212 | 39212
S-RUS-TRANSL-33-ICAO-054,S-RUS-TRANSL-33-ICAO-054,icao,3-3,positive,3,True,True,40119 | 40119 | 40119
S-RUS-TRANSL-33-ICAO-055,S-RUS-TRANSL-33-ICAO-055,icao,3-3,positive,3,True,True,35242 | 35242 | 35242
S-RUS-TRANSL-33-ICAO-056,S-RUS-TRANSL-33-ICAO-056,icao,3-3,positive,3,True,True,36809 | 36809 | 36809
S-RUS-TRANSL-33-ICAO-057,S-RUS-TRANSL-33-ICAO-057,icao,3-3,positive,3,True,True,16949 | 16949 | 16949
S-RUS-TRANSL-33-ICAO-058,S-RUS-TRANSL-33-ICAO-058,icao,3-3,positive,3,True,True,36803 | 36803 | 36803
S-RUS-TRANSL-33-ICAO-059,S-RUS-TRANSL-33-ICAO-059,icao,3-3,positive,3,True,True,36483 | 36483 | 36483
S-RUS-TRANSL-33-ICAO-060,S-RUS-TRANSL-33-ICAO-060,icao,3-3,positive,3,True,True,37335 | 37335 | 37335
S-RUS-TRANSL-33-ICAO-061,S-RUS-TRANSL-33-ICAO-061,icao,3-3,positive,3,True,True,37337 | 37337 | 37337
S-RUS-TRANSL-33-ICAO-062,S-RUS-TRANSL-33-ICAO-062,icao,3-3,positive,3,True,True,37729 | 37729 | 37729
S-RUS-TRANSL-33-ICAO-063,S-RUS-TRANSL-33-ICAO-063,icao,3-3,positive,3,True,True,36480 | 36480 | 36480
S-RUS-TRANSL-33-ICAO-064,S-RUS-TRANSL-33-ICAO-064,icao,3-3,positive,3,True,True,51957 | 51957 | 51957
S-RUS-TRANSL-33-ICAO-065,S-RUS-TRANSL-33-ICAO-065,icao,3-3,positive,3,True,True,35672 | 35672 | 35672
S-RUS-TRANSL-33-ICAO-066,S-RUS-TRANSL-33-ICAO-066,icao,3-3,positive,3,True,True,35676 | 35676 | 35676
S-RUS-TRANSL-33-ICAO-067,S-RUS-TRANSL-33-ICAO-067,icao,3-3,positive,3,True,True,40572 | 40572 | 40572
S-RUS-TRANSL-33-ICAO-068,S-RUS-TRANSL-33-ICAO-068,icao,3-3,positive,3,True,True,37340 | 37340 | 37340
S-RUS-TRANSL-33-ICAO-069,S-RUS-TRANSL-33-ICAO-069,icao,3-3,positive,3,True,True,44142 | 44142 | 44142
S-RUS-TRANSL-33-ICAO-070,S-RUS-TRANSL-33-ICAO-070,icao,3-3,positive,3,True,True,35398 | 35398 | 35398
S-RUS-TRANSL-33-ICAO-071,S-RUS-TRANSL-33-ICAO-071,icao,3-3,positive,3,True,True,33401 | 33401 | 33401
S-RUS-TRANSL-33-ICAO-072,S-RUS-TRANSL-33-ICAO-072,icao,3-3,positive,3,True,True,38616 | 38616 | 38616
S-RUS-TRANSL-33-ICAO-073,S-RUS-TRANSL-33-ICAO-073,icao,3-3,positive,3,True,True,41051 | 41051 | 41051
S-RUS-TRANSL-33-ICAO-074,S-RUS-TRANSL-33-ICAO-074,icao,3-3,positive,3,True,True,16670 | 16670 | 16670
S-RUS-TRANSL-33-ICAO-075,S-RUS-TRANSL-33-ICAO-075,icao,3-3,positive,3,True,True,50973 | 50973 | 50973
S-RUS-TRANSL-33-ICAO-076,S-RUS-TRANSL-33-ICAO-076,icao,3-3,positive,3,True,True,36829 | 36829 | 36829
S-RUS-TRANSL-33-ICAO-077,S-RUS-TRANSL-33-ICAO-077,icao,3-3,positive,3,True,True,35766 | 35766 | 35766
S-RUS-TRANSL-33-ICAO-078,S-RUS-TRANSL-33-ICAO-078,icao,3-3,positive,3,True,True,40661 | 40661 | 40661
S-RUS-TRANSL-33-ICAO-079,S-RUS-TRANSL-33-ICAO-079,icao,3-3,positive,3,True,True,36836 | 36836 | 36836
S-RUS-TRANSL-33-ICAO-080,S-RUS-TRANSL-33-ICAO-080,icao,3-3,positive,3,True,True,40240 | 40240 | 40240
S-RUS-TRANSL-33-ICAO-081,S-RUS-TRANSL-33-ICAO-081,icao,3-3,positive,3,True,True,50603 | 50603 | 50603
S-RUS-TRANSL-33-ICAO-082,S-RUS-TRANSL-33-ICAO-082,icao,3-3,positive,3,True,True,36837 | 36837 | 36837
S-RUS-TRANSL-33-ICAO-083,S-RUS-TRANSL-33-ICAO-083,icao,3-3,positive,3,True,True,47779 | 47779 | 47779
S-RUS-TRANSL-33-ICAO-084,S-RUS-TRANSL-33-ICAO-084,icao,3-3,positive,3,True,True,35691 | 35691 | 35691
S-RUS-TRANSL-33-ICAO-085,S-RUS-TRANSL-33-ICAO-085,icao,3-3,positive,3,True,True,35421 | 35421 | 35421
S-RUS-TRANSL-33-ICAO-086,S-RUS-TRANSL-33-ICAO-086,icao,3-3,positive,3,True,True,37177 | 37177 | 37177
S-RUS-TRANSL-33-ICAO-087,S-RUS-TRANSL-33-ICAO-087,icao,3-3,positive,3,True,True,38799 | 38799 | 38799
S-RUS-TRANSL-33-ICAO-088,S-RUS-TRANSL-33-ICAO-088,icao,3-3,positive,3,True,True,48855 | 48855 | 48855
S-RUS-TRANSL-33-ICAO-089,S-RUS-TRANSL-33-ICAO-089,icao,3-3,positive,3,True,True,35027 | 35027 | 35027
S-RUS-TRANSL-33-ICAO-090,S-RUS-TRANSL-33-ICAO-090,icao,3-3,positive,3,True,True,31671 | 31671 | 31671
S-RUS-TRANSL-33-ICAO-091,S-RUS-TRANSL-33-ICAO-091,icao,3-3,positive,3,True,True,35404 | 35404 | 35404
S-RUS-TRANSL-33-ICAO-092,S-RUS-TRANSL-33-ICAO-092,icao,3-3,positive,3,True,True,37363 | 37363 | 37363
S-RUS-TRANSL-33-ICAO-093,S-RUS-TRANSL-33-ICAO-093,icao,3-3,positive,3,True,True,42874 | 42874 | 42874
S-RUS-TRANSL-33-ICAO-094,S-RUS-TRANSL-33-ICAO-094,icao,3-3,positive,3,True,True,35715 | 35715 | 35715
S-RUS-TRANSL-33-ICAO-095,S-RUS-TRANSL-33-ICAO-095,icao,3-3,positive,3,True,True,36957 | 36957 | 36957
S-RUS-TRANSL-33-ICAO-096,S-RUS-TRANSL-33-ICAO-096,icao,3-3,positive,3,True,True,36054 | 36054 | 36054
S-RUS-TRANSL-33-ICAO-097,S-RUS-TRANSL-33-ICAO-097,icao,3-3,positive,3,True,True,16673 | 16673 | 16673
S-RUS-TRANSL-33-ICAO-098,S-RUS-TRANSL-33-ICAO-098,icao,3-3,positive,3,True,True,39208 | 39208 | 39208
S-RUS-TRANSL-33-ICAO-099,S-RUS-TRANSL-33-ICAO-099,icao,3-3,positive,3,True,True,35530 | 35530 | 35530
S-RUS-TRANSL-33-ICAO-100,S-RUS-TRANSL-33-ICAO-100,icao,3-3,positive,3,True,True,35781 | 35781 | 35781
S-RUS-TRANSL-33-ICAO-101,S-RUS-TRANSL-33-ICAO-101,icao,3-3,positive,3,True,True,43538 | 43538 | 43538
S-RUS-TRANSL-33-ICAO-102,S-RUS-TRANSL-33-ICAO-102,icao,3-3,positive,3,True,True,35528 | 35528 | 35528
S-RUS-TRANSL-33-ICAO-103,S-RUS-TRANSL-33-ICAO-103,icao,3-3,positive,3,True,True,52260 | 52260 | 52260
S-RUS-TRANSL-33-ICAO-104,S-RUS-TRANSL-33-ICAO-104,icao,3-3,positive,3,True,True,50233 | 50233 | 50233
S-RUS-TRANSL-33-ICAO-105,S-RUS-TRANSL-33-ICAO-105,icao,3-3,positive,3,True,True,48859 | 48859 | 48859
S-RUS-TRANSL-33-ICAO-106,S-RUS-TRANSL-33-ICAO-106,icao,3-3,positive,3,True,True,16692 | 16692 | 16692
S-RUS-TRANSL-33-ICAO-107,S-RUS-TRANSL-33-ICAO-107,icao,3-3,positive,3,True,True,43094 | 43094 | 43094
S-RUS-TRANSL-33-ICAO-108,S-RUS-TRANSL-33-ICAO-108,icao,3-3,positive,3,True,True,37733 | 37733 | 37733
S-RUS-TRANSL-33-ICAO-109,S-RUS-TRANSL-33-ICAO-109,icao,3-3,positive,3,True,True,35484 | 35484 | 35484
S-RUS-TRANSL-33-ICAO-110,S-RUS-TRANSL-33-ICAO-110,icao,3-3,positive,3,True,True,36865 | 36865 | 36865
S-RUS-TRANSL-33-ICAO-111,S-RUS-TRANSL-33-ICAO-111,icao,3-3,positive,3,True,True,46549 | 46549 | 46549
S-RUS-TRANSL-33-ICAO-112,S-RUS-TRANSL-33-ICAO-112,icao,3-3,positive,3,True,True,35173 | 35173 | 35173
S-RUS-TRANSL-33-ICAO-113,S-RUS-TRANSL-33-ICAO-113,icao,3-3,positive,3,True,True,49515 | 49515 | 49515
S-RUS-TRANSL-33-ICAO-114,S-RUS-TRANSL-33-ICAO-114,icao,3-3,positive,3,True,True,46784 | 46784 | 46784
S-RUS-TRANSL-33-ICAO-115,S-RUS-TRANSL-33-ICAO-115,icao,3-3,positive,3,True,True,32751 | 32751 | 32751
S-RUS-TRANSL-33-ICAO-116,S-RUS-TRANSL-33-ICAO-116,icao,3-3,positive,3,True,True,35393 | 35393 | 35393
S-RUS-TRANSL-33-ICAO-117,S-RUS-TRANSL-33-ICAO-117,icao,3-3,positive,3,True,True,41001 | 41001 | 41001
S-RUS-TRANSL-33-ICAO-118,S-RUS-TRANSL-33-ICAO-118,icao,3-3,positive,3,True,True,35521 | 35521 | 35521
S-RUS-TRANSL-33-ICAO-119,S-RUS-TRANSL-33-ICAO-119,icao,3-3,positive,3,True,True,16710 | 16710 | 16710
S-RUS-TRANSL-33-ICAO-120,S-RUS-TRANSL-33-ICAO-120,icao,3-3,positive,3,True,True,10138 | 10138 | 10138
S-RUS-TRANSL-33-ICAO-121,S-RUS-TRANSL-33-ICAO-121,icao,3-3,positive,3,True,True,35517 | 35517 | 35517
S-RUS-TRANSL-33-ICAO-122,S-RUS-TRANSL-33-ICAO-122,icao,3-3,positive,3,True,True,45913 | 45913 | 45913
S-RUS-TRANSL-33-ICAO-123,S-RUS-TRANSL-33-ICAO-123,icao,3-3,positive,3,True,True,36478 | 36478 | 36478
S-RUS-TRANSL-33-ICAO-124,S-RUS-TRANSL-33-ICAO-124,icao,3-3,positive,3,True,True,35413 | 35413 | 35413
S-RUS-TRANSL-33-ICAO-125,S-RUS-TRANSL-33-ICAO-125,icao,3-3,positive,3,True,True,16655 | 16655 | 16655
S-RUS-TRANSL-33-ICAO-126,S-RUS-TRANSL-33-ICAO-126,icao,3-3,positive,3,True,True,41055 | 41055 | 41055
S-RUS-TRANSL-33-ICAO-127,S-RUS-TRANSL-33-ICAO-127,icao,3-3,positive,3,True,True,45821 | 45821 | 45821
S-RUS-TRANSL-33-ICAO-128,S-RUS-TRANSL-33-ICAO-128,icao,3-3,positive,3,True,True,35442 | 35442 | 35442
S-RUS-TRANSL-33-ICAO-129,S-RUS-TRANSL-33-ICAO-129,icao,3-3,positive,3,True,True,45060 | 45060 | 45060
S-RUS-TRANSL-33-ICAO-130,S-RUS-TRANSL-33-ICAO-130,icao,3-3,positive,3,True,True,33023 | 33023 | 33023
S-RUS-TRANSL-33-ICAO-131,S-RUS-TRANSL-33-ICAO-131,icao,3-3,positive,3,True,True,35511 | 35511 | 35511
S-RUS-TRANSL-33-ICAO-132,S-RUS-TRANSL-33-ICAO-132,icao,3-3,positive,3,True,True,41037 | 41037 | 41037
S-RUS-TRANSL-33-ICAO-133,S-RUS-TRANSL-33-ICAO-133,icao,3-3,positive,3,True,True,40244 | 40244 | 40244
S-RUS-TRANSL-33-ICAO-134,S-RUS-TRANSL-33-ICAO-134,icao,3-3,positive,3,True,True,35505 | 35505 | 35505
S-RUS-TRANSL-33-ICAO-135,S-RUS-TRANSL-33-ICAO-135,icao,3-3,positive,3,True,True,26723 | 26723 | 26723
S-RUS-TRANSL-33-ICAO-136,S-RUS-TRANSL-33-ICAO-136,icao,3-3,positive,3,True,True,47787 | 47787 | 47787
S-RUS-TRANSL-33-ICAO-137,S-RUS-TRANSL-33-ICAO-137,icao,3-3,positive,3,True,True,38158 | 38158 | 38158
S-RUS-TRANSL-33-ICAO-138,S-RUS-TRANSL-33-ICAO-138,icao,3-3,positive,3,True,True,36884 | 36884 | 36884
S-RUS-TRANSL-33-ICAO-139,S-RUS-TRANSL-33-ICAO-139,icao,3-3,positive,3,True,True,35580 | 35580 | 35580
S-RUS-TRANSL-33-ICAO-140,S-RUS-TRANSL-33-ICAO-140,icao,3-3,positive,3,True,True,37303 | 37303 | 37303
S-RUS-TRANSL-33-ICAO-141,S-RUS-TRANSL-33-ICAO-141,icao,3-3,positive,3,True,True,52616 | 52616 | 52616
S-RUS-TRANSL-33-ICAO-142,S-RUS-TRANSL-33-ICAO-142,icao,3-3,positive,3,True,True,34976 | 34976 | 34976
S-RUS-TRANSL-33-ICAO-143,S-RUS-TRANSL-33-ICAO-143,icao,3-3,positive,3,True,True,48879 | 48879 | 48879
S-RUS-TRANSL-33-ICAO-144,S-RUS-TRANSL-33-ICAO-144,icao,3-3,positive,3,True,True,22404 | 22404 | 22404
S-RUS-TRANSL-33-ICAO-145,S-RUS-TRANSL-33-ICAO-145,icao,3-3,positive,3,True,True,22404 | 22404 | 22404
S-RUS-TRANSL-33-ICAO-146,S-RUS-TRANSL-33-ICAO-146,icao,3-3,positive,3,True,True,16667 | 16667 | 16667
S-RUS-TRANSL-33-ICAO-147,S-RUS-TRANSL-33-ICAO-147,icao,3-3,positive,3,True,True,40133 | 40133 | 40133
S-RUS-TRANSL-33-ICAO-148,S-RUS-TRANSL-33-ICAO-148,icao,3-3,positive,3,True,True,16601 | 16601 | 16601
S-RUS-TRANSL-33-ICAO-149,S-RUS-TRANSL-33-ICAO-149,icao,3-3,positive,3,True,True,35451 | 35451 | 35451
S-RUS-TRANSL-33-ICAO-150,S-RUS-TRANSL-33-ICAO-150,icao,3-3,positive,3,True,True,9762 | 9762 | 9762
S-RUS-TRANSL-33-ICAO-151,S-RUS-TRANSL-33-ICAO-151,icao,3-3,positive,3,True,True,36896 | 36896 | 36896
S-RUS-UKR-TRANSL-OFFICIAL-32-001,S-RUS-UKR-TRANSL-OFFICIAL-32-001,rus_ukr,3-2,positive,3,True,True,36763 | 36763 | 36763
S-RUS-UKR-TRANSL-OFFICIAL-32-002,S-RUS-UKR-TRANSL-OFFICIAL-32-002,rus_ukr,3-2,positive,3,True,True,44540 | 44540 | 44540
S-RUS-UKR-TRANSL-OFFICIAL-32-003,S-RUS-UKR-TRANSL-OFFICIAL-32-003,rus_ukr,3-2,positive,3,True,True,32745 | 32745 | 32745
S-RUS-UKR-TRANSL-OFFICIAL-32-004,S-RUS-UKR-TRANSL-OFFICIAL-32-004,rus_ukr,3-2,positive,3,True,True,37844 | 37844 | 37844
S-RUS-UKR-TRANSL-OFFICIAL-32-005,S-RUS-UKR-TRANSL-OFFICIAL-32-005,rus_ukr,3-2,positive,3,True,True,30517 | 30517 | 30517
S-RUS-UKR-TRANSL-OFFICIAL-32-006,S-RUS-UKR-TRANSL-OFFICIAL-32-006,rus_ukr,3-2,positive,3,True,True,50216 | 50216 | 50216
S-RUS-UKR-TRANSL-OFFICIAL-32-007,S-RUS-UKR-TRANSL-OFFICIAL-32-007,rus_ukr,3-2,positive,3,True,True,42196 | 42196 | 42196
S-RUS-UKR-TRANSL-OFFICIAL-32-008,S-RUS-UKR-TRANSL-OFFICIAL-32-008,rus_ukr,3-2,positive,3,True,True,35226 | 35226 | 35226
S-RUS-UKR-TRANSL-OFFICIAL-32-009,S-RUS-UKR-TRANSL-OFFICIAL-32-009,rus_ukr,3-2,positive,3,True,True,20920 | 20920 | 20920
S-RUS-UKR-TRANSL-OFFICIAL-32-010,S-RUS-UKR-TRANSL-OFFICIAL-32-010,rus_ukr,3-2,positive,3,True,True,35399 | 35399 | 35399
S-RUS-UKR-TRANSL-OFFICIAL-32-011,S-RUS-UKR-TRANSL-OFFICIAL-32-011,rus_ukr,3-2,positive,3,True,True,35414 | 35414 | 35414
S-RUS-UKR-TRANSL-OFFICIAL-32-012,S-RUS-UKR-TRANSL-OFFICIAL-32-012,rus_ukr,3-2,positive,3,True,True,45862 | 45862 | 45862
S-RUS-UKR-TRANSL-OFFICIAL-32-013,S-RUS-UKR-TRANSL-OFFICIAL-32-013,rus_ukr,3-2,positive,3,True,True,34577 | 34577 | 34577
S-RUS-UKR-TRANSL-OFFICIAL-32-014,S-RUS-UKR-TRANSL-OFFICIAL-32-014,rus_ukr,3-2,positive,3,True,True,37812 | 37812 | 37812
S-RUS-UKR-TRANSL-OFFICIAL-32-015,S-RUS-UKR-TRANSL-OFFICIAL-32-015,rus_ukr,3-2,positive,3,True,True,37853 | 37853 | 37853
S-RUS-UKR-TRANSL-OFFICIAL-32-016,S-RUS-UKR-TRANSL-OFFICIAL-32-016,rus_ukr,3-2,positive,3,True,True,37178 | 37178 | 37178
S-RUS-UKR-TRANSL-OFFICIAL-32-017,S-RUS-UKR-TRANSL-OFFICIAL-32-017,rus_ukr,3-2,positive,3,True,True,48774 | 48774 | 48774
S-RUS-UKR-TRANSL-OFFICIAL-32-018,S-RUS-UKR-TRANSL-OFFICIAL-32-018,rus_ukr,3-2,positive,3,True,True,37116 | 37116 | 37116
S-RUS-UKR-TRANSL-OFFICIAL-32-019,S-RUS-UKR-TRANSL-OFFICIAL-32-019,rus_ukr,3-2,positive,3,True,True,50272 | 50272 | 50272
S-RUS-UKR-TRANSL-OFFICIAL-32-020,S-RUS-UKR-TRANSL-OFFICIAL-32-020,rus_ukr,3-2,positive,3,True,True,39215 | 39215 | 39215
S-RUS-UKR-TRANSL-OFFICIAL-32-021,S-RUS-UKR-TRANSL-OFFICIAL-32-021,rus_ukr,3-2,positive,3,True,True,50230 | 50230 | 50230
S-RUS-UKR-TRANSL-OFFICIAL-32-022,S-RUS-UKR-TRANSL-OFFICIAL-32-022,rus_ukr,3-2,positive,3,True,True,35463 | 35463 | 35463
S-RUS-UKR-TRANSL-OFFICIAL-32-023,S-RUS-UKR-TRANSL-OFFICIAL-32-023,rus_ukr,3-2,positive,3,True,True,51948 | 51948 | 51948
S-RUS-UKR-TRANSL-OFFICIAL-32-024,S-RUS-UKR-TRANSL-OFFICIAL-32-024,rus_ukr,3-2,positive,3,True,True,45702 | 45702 | 45702
S-RUS-UKR-TRANSL-OFFICIAL-32-025,S-RUS-UKR-TRANSL-OFFICIAL-32-025,rus_ukr,3-2,positive,3,True,True,31454 | 31454 | 31454
S-RUS-UKR-TRANSL-OFFICIAL-32-026,S-RUS-UKR-TRANSL-OFFICIAL-32-026,rus_ukr,3-2,positive,3,True,True,35610 | 35610 | 35610
S-RUS-UKR-TRANSL-OFFICIAL-32-027,S-RUS-UKR-TRANSL-OFFICIAL-32-027,rus_ukr,3-2,positive,3,True,True,35013 | 35013 | 35013
S-RUS-UKR-TRANSL-OFFICIAL-32-028,S-RUS-UKR-TRANSL-OFFICIAL-32-028,rus_ukr,3-2,positive,3,True,True,51852 | 51852 | 51852
S-RUS-UKR-TRANSL-OFFICIAL-32-029,S-RUS-UKR-TRANSL-OFFICIAL-32-029,rus_ukr,3-2,positive,3,True,True,50404 | 50404 | 50404
S-RUS-UKR-TRANSL-OFFICIAL-32-030,S-RUS-UKR-TRANSL-OFFICIAL-32-030,rus_ukr,3-2,positive,3,True,True,35501 | 35501 | 35501
S-RUS-UKR-TRANSL-OFFICIAL-32-031,S-RUS-UKR-TRANSL-OFFICIAL-32-031,rus_ukr,3-2,positive,3,True,True,34658 | 34658 | 34658
S-RUS-UKR-TRANSL-OFFICIAL-32-032,S-RUS-UKR-TRANSL-OFFICIAL-32-032,rus_ukr,3-2,positive,3,True,True,37003 | 37003 | 37003
S-RUS-UKR-TRANSL-OFFICIAL-32-033,S-RUS-UKR-TRANSL-OFFICIAL-32-033,rus_ukr,3-2,positive,3,True,True,48767 | 48767 | 48767
S-RUS-UKR-TRANSL-OFFICIAL-32-034,S-RUS-UKR-TRANSL-OFFICIAL-32-034,rus_ukr,3-2,positive,3,True,True,36793 | 36793 | 36793
S-RUS-UKR-TRANSL-OFFICIAL-32-035,S-RUS-UKR-TRANSL-OFFICIAL-32-035,rus_ukr,3-2,positive,3,True,True,38078 | 38078 | 38078
S-RUS-UKR-TRANSL-OFFICIAL-32-036,S-RUS-UKR-TRANSL-OFFICIAL-32-036,rus_ukr,3-2,positive,3,True,True,36792 | 36792 | 36792
S-RUS-UKR-TRANSL-OFFICIAL-32-037,S-RUS-UKR-TRANSL-OFFICIAL-32-037,rus_ukr,3-2,positive,3,True,True,35603 | 35603 | 35603
S-RUS-UKR-TRANSL-OFFICIAL-32-038,S-RUS-UKR-TRANSL-OFFICIAL-32-038,rus_ukr,3-2,positive,3,True,True,"26671,36786 | 26671,36786 | 26671,36786"
S-RUS-UKR-TRANSL-OFFICIAL-32-039,S-RUS-UKR-TRANSL-OFFICIAL-32-039,rus_ukr,3-2,positive,3,True,True,9761 | 9761 | 9761
S-RUS-UKR-TRANSL-OFFICIAL-32-040,S-RUS-UKR-TRANSL-OFFICIAL-32-040,rus_ukr,3-2,positive,3,True,True,36798 | 36798 | 36798
S-RUS-UKR-TRANSL-OFFICIAL-32-041,S-RUS-UKR-TRANSL-OFFICIAL-32-041,rus_ukr,3-2,positive,3,True,True,35630 | 35630 | 35630
S-RUS-UKR-TRANSL-OFFICIAL-32-042,S-RUS-UKR-TRANSL-OFFICIAL-32-042,rus_ukr,3-2,positive,3,True,True,35620 | 35620 | 35620
S-RUS-UKR-TRANSL-OFFICIAL-32-043,S-RUS-UKR-TRANSL-OFFICIAL-32-043,rus_ukr,3-2,positive,3,True,True,41439 | 41439 | 41439
S-RUS-UKR-TRANSL-OFFICIAL-32-044,S-RUS-UKR-TRANSL-OFFICIAL-32-044,rus_ukr,3-2,positive,3,True,True,22411 | 22411 | 22411
S-RUS-UKR-TRANSL-OFFICIAL-32-045,S-RUS-UKR-TRANSL-OFFICIAL-32-045,rus_ukr,3-2,positive,3,True,True,31950 | 31950 | 31950
S-RUS-UKR-TRANSL-OFFICIAL-32-046,S-RUS-UKR-TRANSL-OFFICIAL-32-046,rus_ukr,3-2,positive,3,True,True,36996 | 36996 | 36996
S-RUS-UKR-TRANSL-OFFICIAL-32-047,S-RUS-UKR-TRANSL-OFFICIAL-32-047,rus_ukr,3-2,positive,3,True,True,35639 | 35639 | 35639
S-RUS-UKR-TRANSL-OFFICIAL-32-048,S-RUS-UKR-TRANSL-OFFICIAL-32-048,rus_ukr,3-2,positive,3,True,True,30545 | 30545 | 30545
S-RUS-UKR-TRANSL-OFFICIAL-32-049,S-RUS-UKR-TRANSL-OFFICIAL-32-049,rus_ukr,3-2,positive,3,True,True,44882 | 44882 | 44882
S-RUS-UKR-TRANSL-OFFICIAL-32-050,S-RUS-UKR-TRANSL-OFFICIAL-32-050,rus_ukr,3-2,positive,3,True,True,37841 | 37841 | 37841
S-RUS-UKR-TRANSL-OFFICIAL-32-051,S-RUS-UKR-TRANSL-OFFICIAL-32-051,rus_ukr,3-2,positive,3,True,True,37328 | 37328 | 37328
S-RUS-UKR-TRANSL-OFFICIAL-32-052,S-RUS-UKR-TRANSL-OFFICIAL-32-052,rus_ukr,3-2,positive,3,True,True,41050 | 41050 | 41050
S-RUS-UKR-TRANSL-OFFICIAL-32-053,S-RUS-UKR-TRANSL-OFFICIAL-32-053,rus_ukr,3-2,positive,3,True,True,39212 | 39212 | 39212
S-RUS-UKR-TRANSL-OFFICIAL-32-054,S-RUS-UKR-TRANSL-OFFICIAL-32-054,rus_ukr,3-2,positive,3,True,True,40119 | 40119 | 40119
S-RUS-UKR-TRANSL-OFFICIAL-32-055,S-RUS-UKR-TRANSL-OFFICIAL-32-055,rus_ukr,3-2,positive,3,True,True,35242 | 35242 | 35242
S-RUS-UKR-TRANSL-OFFICIAL-32-056,S-RUS-UKR-TRANSL-OFFICIAL-32-056,rus_ukr,3-2,positive,3,True,True,36809 | 36809 | 36809
S-RUS-UKR-TRANSL-OFFICIAL-32-057,S-RUS-UKR-TRANSL-OFFICIAL-32-057,rus_ukr,3-2,positive,3,True,True,16949 | 16949 | 16949
S-RUS-UKR-TRANSL-OFFICIAL-32-058,S-RUS-UKR-TRANSL-OFFICIAL-32-058,rus_ukr,3-2,positive,3,True,True,36803 | 36803 | 36803
S-RUS-UKR-TRANSL-OFFICIAL-32-059,S-RUS-UKR-TRANSL-OFFICIAL-32-059,rus_ukr,3-2,positive,3,True,True,36483 | 36483 | 36483
S-RUS-UKR-TRANSL-OFFICIAL-32-060,S-RUS-UKR-TRANSL-OFFICIAL-32-060,rus_ukr,3-2,positive,3,True,True,37335 | 37335 | 37335
S-RUS-UKR-TRANSL-OFFICIAL-32-061,S-RUS-UKR-TRANSL-OFFICIAL-32-061,rus_ukr,3-2,positive,3,True,True,37337 | 37337 | 37337
S-RUS-UKR-TRANSL-OFFICIAL-32-062,S-RUS-UKR-TRANSL-OFFICIAL-32-062,rus_ukr,3-2,positive,3,True,True,37729 | 37729 | 37729
S-RUS-UKR-TRANSL-OFFICIAL-32-063,S-RUS-UKR-TRANSL-OFFICIAL-32-063,rus_ukr,3-2,positive,3,True,True,36480 | 36480 | 36480
S-RUS-UKR-TRANSL-OFFICIAL-32-064,S-RUS-UKR-TRANSL-OFFICIAL-32-064,rus_ukr,3-2,positive,3,True,True,51957 | 51957 | 51957
S-RUS-UKR-TRANSL-OFFICIAL-32-065,S-RUS-UKR-TRANSL-OFFICIAL-32-065,rus_ukr,3-2,positive,3,True,True,35672 | 35672 | 35672
S-RUS-UKR-TRANSL-OFFICIAL-32-066,S-RUS-UKR-TRANSL-OFFICIAL-32-066,rus_ukr,3-2,positive,3,True,True,35676 | 35676 | 35676
S-RUS-UKR-TRANSL-OFFICIAL-32-067,S-RUS-UKR-TRANSL-OFFICIAL-32-067,rus_ukr,3-2,positive,3,True,True,40572 | 40572 | 40572
S-RUS-UKR-TRANSL-OFFICIAL-32-068,S-RUS-UKR-TRANSL-OFFICIAL-32-068,rus_ukr,3-2,positive,3,True,True,37340 | 37340 | 37340
S-RUS-UKR-TRANSL-OFFICIAL-32-069,S-RUS-UKR-TRANSL-OFFICIAL-32-069,rus_ukr,3-2,positive,3,True,True,44142 | 44142 | 44142
S-RUS-UKR-TRANSL-OFFICIAL-32-070,S-RUS-UKR-TRANSL-OFFICIAL-32-070,rus_ukr,3-2,positive,3,True,True,44142 | 44142 | 44142
S-RUS-UKR-TRANSL-OFFICIAL-32-071,S-RUS-UKR-TRANSL-OFFICIAL-32-071,rus_ukr,3-2,positive,3,True,True,35398 | 35398 | 35398
S-RUS-UKR-TRANSL-OFFICIAL-32-072,S-RUS-UKR-TRANSL-OFFICIAL-32-072,rus_ukr,3-2,positive,3,True,True,33401 | 33401 | 33401
S-RUS-UKR-TRANSL-OFFICIAL-32-073,S-RUS-UKR-TRANSL-OFFICIAL-32-073,rus_ukr,3-2,positive,3,True,True,38616 | 38616 | 38616
S-RUS-UKR-TRANSL-OFFICIAL-32-074,S-RUS-UKR-TRANSL-OFFICIAL-32-074,rus_ukr,3-2,positive,3,True,True,41051 | 41051 | 41051
S-RUS-UKR-TRANSL-OFFICIAL-32-075,S-RUS-UKR-TRANSL-OFFICIAL-32-075,rus_ukr,3-2,positive,3,True,True,16670 | 16670 | 16670
S-RUS-UKR-TRANSL-OFFICIAL-32-076,S-RUS-UKR-TRANSL-OFFICIAL-32-076,rus_ukr,3-2,positive,3,True,True,50973 | 50973 | 50973
S-RUS-UKR-TRANSL-OFFICIAL-32-077,S-RUS-UKR-TRANSL-OFFICIAL-32-077,rus_ukr,3-2,positive,3,True,True,36829 | 36829 | 36829
S-RUS-UKR-TRANSL-OFFICIAL-32-078,S-RUS-UKR-TRANSL-OFFICIAL-32-078,rus_ukr,3-2,positive,3,True,True,35766 | 35766 | 35766
S-RUS-UKR-TRANSL-OFFICIAL-32-079,S-RUS-UKR-TRANSL-OFFICIAL-32-079,rus_ukr,3-2,positive,3,True,True,40661 | 40661 | 40661
S-RUS-UKR-TRANSL-OFFICIAL-32-080,S-RUS-UKR-TRANSL-OFFICIAL-32-080,rus_ukr,3-2,positive,3,True,True,36836 | 36836 | 36836
S-RUS-UKR-TRANSL-OFFICIAL-32-081,S-RUS-UKR-TRANSL-OFFICIAL-32-081,rus_ukr,3-2,positive,3,True,True,40240 | 40240 | 40240
S-RUS-UKR-TRANSL-OFFICIAL-32-082,S-RUS-UKR-TRANSL-OFFICIAL-32-082,rus_ukr,3-2,positive,3,True,True,50603 | 50603 | 50603
S-RUS-UKR-TRANSL-OFFICIAL-32-083,S-RUS-UKR-TRANSL-OFFICIAL-32-083,rus_ukr,3-2,positive,3,True,True,36837 | 36837 | 36837
S-RUS-UKR-TRANSL-OFFICIAL-32-084,S-RUS-UKR-TRANSL-OFFICIAL-32-084,rus_ukr,3-2,positive,3,True,True,47779 | 47779 | 47779
S-RUS-UKR-TRANSL-OFFICIAL-32-085,S-RUS-UKR-TRANSL-OFFICIAL-32-085,rus_ukr,3-2,positive,3,True,True,35691 | 35691 | 35691
S-RUS-UKR-TRANSL-OFFICIAL-32-086,S-RUS-UKR-TRANSL-OFFICIAL-32-086,rus_ukr,3-2,positive,3,True,True,35421 | 35421 | 35421
S-RUS-UKR-TRANSL-OFFICIAL-32-087,S-RUS-UKR-TRANSL-OFFICIAL-32-087,rus_ukr,3-2,positive,3,True,True,37177 | 37177 | 37177
S-RUS-UKR-TRANSL-OFFICIAL-32-088,S-RUS-UKR-TRANSL-OFFICIAL-32-088,rus_ukr,3-2,positive,3,True,True,38799 | 38799 | 38799
S-RUS-UKR-TRANSL-OFFICIAL-32-089,S-RUS-UKR-TRANSL-OFFICIAL-32-089,rus_ukr,3-2,positive,3,True,True,48855 | 48855 | 48855
S-RUS-UKR-TRANSL-OFFICIAL-32-090,S-RUS-UKR-TRANSL-OFFICIAL-32-090,rus_ukr,3-2,positive,3,True,True,35027 | 35027 | 35027
S-RUS-UKR-TRANSL-OFFICIAL-32-091,S-RUS-UKR-TRANSL-OFFICIAL-32-091,rus_ukr,3-2,positive,3,True,True,31671 | 31671 | 31671
S-RUS-UKR-TRANSL-OFFICIAL-32-092,S-RUS-UKR-TRANSL-OFFICIAL-32-092,rus_ukr,3-2,positive,3,True,True,35404 | 35404 | 35404
S-RUS-UKR-TRANSL-OFFICIAL-32-093,S-RUS-UKR-TRANSL-OFFICIAL-32-093,rus_ukr,3-2,positive,3,True,True,37363 | 37363 | 37363
S-RUS-UKR-TRANSL-OFFICIAL-32-094,S-RUS-UKR-TRANSL-OFFICIAL-32-094,rus_ukr,3-2,positive,3,True,True,42874 | 42874 | 42874
S-RUS-UKR-TRANSL-OFFICIAL-32-095,S-RUS-UKR-TRANSL-OFFICIAL-32-095,rus_ukr,3-2,positive,3,True,True,42874 | 42874 | 42874
S-RUS-UKR-TRANSL-OFFICIAL-32-096,S-RUS-UKR-TRANSL-OFFICIAL-32-096,rus_ukr,3-2,positive,3,True,True,42874 | 42874 | 42874
S-RUS-UKR-TRANSL-OFFICIAL-32-097,S-RUS-UKR-TRANSL-OFFICIAL-32-097,rus_ukr,3-2,positive,3,True,True,35715 | 35715 | 35715
S-RUS-UKR-TRANSL-OFFICIAL-32-098,S-RUS-UKR-TRANSL-OFFICIAL-32-098,rus_ukr,3-2,positive,3,True,True,36957 | 36957 | 36957
S-RUS-UKR-TRANSL-OFFICIAL-32-099,S-RUS-UKR-TRANSL-OFFICIAL-32-099,rus_ukr,3-2,positive,3,True,True,36054 | 36054 | 36054
S-RUS-UKR-TRANSL-OFFICIAL-32-100,S-RUS-UKR-TRANSL-OFFICIAL-32-100,rus_ukr,3-2,positive,3,True,True,16673 | 16673 | 16673
S-RUS-UKR-TRANSL-OFFICIAL-32-101,S-RUS-UKR-TRANSL-OFFICIAL-32-101,rus_ukr,3-2,positive,3,True,True,39208 | 39208 | 39208
S-RUS-UKR-TRANSL-OFFICIAL-32-102,S-RUS-UKR-TRANSL-OFFICIAL-32-102,rus_ukr,3-2,positive,3,True,True,35530 | 35530 | 35530
S-RUS-UKR-TRANSL-OFFICIAL-32-103,S-RUS-UKR-TRANSL-OFFICIAL-32-103,rus_ukr,3-2,positive,3,True,True,35781 | 35781 | 35781
S-RUS-UKR-TRANSL-OFFICIAL-32-104,S-RUS-UKR-TRANSL-OFFICIAL-32-104,rus_ukr,3-2,positive,3,True,True,43538 | 43538 | 43538
S-RUS-UKR-TRANSL-OFFICIAL-32-105,S-RUS-UKR-TRANSL-OFFICIAL-32-105,rus_ukr,3-2,positive,3,True,True,35528 | 35528 | 35528
S-RUS-UKR-TRANSL-OFFICIAL-32-106,S-RUS-UKR-TRANSL-OFFICIAL-32-106,rus_ukr,3-2,positive,3,True,True,52260 | 52260 | 52260
S-RUS-UKR-TRANSL-OFFICIAL-32-107,S-RUS-UKR-TRANSL-OFFICIAL-32-107,rus_ukr,3-2,positive,3,True,True,50233 | 50233 | 50233
S-RUS-UKR-TRANSL-OFFICIAL-32-108,S-RUS-UKR-TRANSL-OFFICIAL-32-108,rus_ukr,3-2,positive,3,True,True,48859 | 48859 | 48859
S-RUS-UKR-TRANSL-OFFICIAL-32-109,S-RUS-UKR-TRANSL-OFFICIAL-32-109,rus_ukr,3-2,positive,3,True,True,16692 | 16692 | 16692
S-RUS-UKR-TRANSL-OFFICIAL-32-110,S-RUS-UKR-TRANSL-OFFICIAL-32-110,rus_ukr,3-2,positive,3,True,True,43094 | 43094 | 43094
S-RUS-UKR-TRANSL-OFFICIAL-32-111,S-RUS-UKR-TRANSL-OFFICIAL-32-111,rus_ukr,3-2,positive,3,True,True,43094 | 43094 | 43094
S-RUS-UKR-TRANSL-OFFICIAL-32-112,S-RUS-UKR-TRANSL-OFFICIAL-32-112,rus_ukr,3-2,positive,3,True,True,37733 | 37733 | 37733
S-RUS-UKR-TRANSL-OFFICIAL-32-113,S-RUS-UKR-TRANSL-OFFICIAL-32-113,rus_ukr,3-2,positive,3,True,True,35484 | 35484 | 35484
S-RUS-UKR-TRANSL-OFFICIAL-32-114,S-RUS-UKR-TRANSL-OFFICIAL-32-114,rus_ukr,3-2,positive,3,True,True,36865 | 36865 | 36865
S-RUS-UKR-TRANSL-OFFICIAL-32-115,S-RUS-UKR-TRANSL-OFFICIAL-32-115,rus_ukr,3-2,positive,3,True,True,46549 | 46549 | 46549
S-RUS-UKR-TRANSL-OFFICIAL-32-116,S-RUS-UKR-TRANSL-OFFICIAL-32-116,rus_ukr,3-2,positive,0,True,True,- | - | -
S-RUS-UKR-TRANSL-OFFICIAL-32-117,S-RUS-UKR-TRANSL-OFFICIAL-32-117,rus_ukr,3-2,positive,3,True,True,49515 | 49515 | 49515
S-RUS-UKR-TRANSL-OFFICIAL-32-118,S-RUS-UKR-TRANSL-OFFICIAL-32-118,rus_ukr,3-2,positive,3,True,True,46784 | 46784 | 46784
S-RUS-UKR-TRANSL-OFFICIAL-32-119,S-RUS-UKR-TRANSL-OFFICIAL-32-119,rus_ukr,3-2,positive,3,True,True,32751 | 32751 | 32751
S-RUS-UKR-TRANSL-OFFICIAL-32-120,S-RUS-UKR-TRANSL-OFFICIAL-32-120,rus_ukr,3-2,positive,3,True,True,35393 | 35393 | 35393
S-RUS-UKR-TRANSL-OFFICIAL-32-121,S-RUS-UKR-TRANSL-OFFICIAL-32-121,rus_ukr,3-2,positive,3,True,True,41001 | 41001 | 41001
S-RUS-UKR-TRANSL-OFFICIAL-32-122,S-RUS-UKR-TRANSL-OFFICIAL-32-122,rus_ukr,3-2,positive,3,True,True,35521 | 35521 | 35521
S-RUS-UKR-TRANSL-OFFICIAL-32-123,S-RUS-UKR-TRANSL-OFFICIAL-32-123,rus_ukr,3-2,positive,3,True,True,16710 | 16710 | 16710
S-RUS-UKR-TRANSL-OFFICIAL-32-124,S-RUS-UKR-TRANSL-OFFICIAL-32-124,rus_ukr,3-2,positive,3,True,True,10138 | 10138 | 10138
S-RUS-UKR-TRANSL-OFFICIAL-32-125,S-RUS-UKR-TRANSL-OFFICIAL-32-125,rus_ukr,3-2,positive,3,True,True,35517 | 35517 | 35517
S-RUS-UKR-TRANSL-OFFICIAL-32-126,S-RUS-UKR-TRANSL-OFFICIAL-32-126,rus_ukr,3-2,positive,3,True,True,45913 | 45913 | 45913
S-RUS-UKR-TRANSL-OFFICIAL-32-127,S-RUS-UKR-TRANSL-OFFICIAL-32-127,rus_ukr,3-2,positive,3,True,True,36478 | 36478 | 36478
S-RUS-UKR-TRANSL-OFFICIAL-32-128,S-RUS-UKR-TRANSL-OFFICIAL-32-128,rus_ukr,3-2,positive,3,True,True,35413 | 35413 | 35413
S-RUS-UKR-TRANSL-OFFICIAL-32-129,S-RUS-UKR-TRANSL-OFFICIAL-32-129,rus_ukr,3-2,positive,3,True,True,16655 | 16655 | 16655
S-RUS-UKR-TRANSL-OFFICIAL-32-130,S-RUS-UKR-TRANSL-OFFICIAL-32-130,rus_ukr,3-2,positive,3,True,True,41055 | 41055 | 41055
S-RUS-UKR-TRANSL-OFFICIAL-32-131,S-RUS-UKR-TRANSL-OFFICIAL-32-131,rus_ukr,3-2,positive,3,True,True,45821 | 45821 | 45821
S-RUS-UKR-TRANSL-OFFICIAL-32-132,S-RUS-UKR-TRANSL-OFFICIAL-32-132,rus_ukr,3-2,positive,3,True,True,35442 | 35442 | 35442
S-RUS-UKR-TRANSL-OFFICIAL-32-133,S-RUS-UKR-TRANSL-OFFICIAL-32-133,rus_ukr,3-2,positive,3,True,True,45060 | 45060 | 45060
S-RUS-UKR-TRANSL-OFFICIAL-32-134,S-RUS-UKR-TRANSL-OFFICIAL-32-134,rus_ukr,3-2,positive,3,True,True,33023 | 33023 | 33023
S-RUS-UKR-TRANSL-OFFICIAL-32-135,S-RUS-UKR-TRANSL-OFFICIAL-32-135,rus_ukr,3-2,positive,3,True,True,35511 | 35511 | 35511
S-RUS-UKR-TRANSL-OFFICIAL-32-136,S-RUS-UKR-TRANSL-OFFICIAL-32-136,rus_ukr,3-2,positive,3,True,True,41037 | 41037 | 41037
S-RUS-UKR-TRANSL-OFFICIAL-32-137,S-RUS-UKR-TRANSL-OFFICIAL-32-137,rus_ukr,3-2,positive,3,True,True,40244 | 40244 | 40244
S-RUS-UKR-TRANSL-OFFICIAL-32-138,S-RUS-UKR-TRANSL-OFFICIAL-32-138,rus_ukr,3-2,positive,3,True,True,35505 | 35505 | 35505
S-RUS-UKR-TRANSL-OFFICIAL-32-139,S-RUS-UKR-TRANSL-OFFICIAL-32-139,rus_ukr,3-2,positive,3,True,True,26723 | 26723 | 26723
S-RUS-UKR-TRANSL-OFFICIAL-32-140,S-RUS-UKR-TRANSL-OFFICIAL-32-140,rus_ukr,3-2,positive,3,True,True,47787 | 47787 | 47787
S-RUS-UKR-TRANSL-OFFICIAL-32-141,S-RUS-UKR-TRANSL-OFFICIAL-32-141,rus_ukr,3-2,positive,3,True,True,38158 | 38158 | 38158
S-RUS-UKR-TRANSL-OFFICIAL-32-142,S-RUS-UKR-TRANSL-OFFICIAL-32-142,rus_ukr,3-2,positive,3,True,True,36884 | 36884 | 36884
S-RUS-UKR-TRANSL-OFFICIAL-32-143,S-RUS-UKR-TRANSL-OFFICIAL-32-143,rus_ukr,3-2,positive,3,True,True,35580 | 35580 | 35580
S-RUS-UKR-TRANSL-OFFICIAL-32-144,S-RUS-UKR-TRANSL-OFFICIAL-32-144,rus_ukr,3-2,positive,3,True,True,35580 | 35580 | 35580
S-RUS-UKR-TRANSL-OFFICIAL-32-145,S-RUS-UKR-TRANSL-OFFICIAL-32-145,rus_ukr,3-2,positive,3,True,True,37303 | 37303 | 37303
S-RUS-UKR-TRANSL-OFFICIAL-32-146,S-RUS-UKR-TRANSL-OFFICIAL-32-146,rus_ukr,3-2,positive,3,True,True,52616 | 52616 | 52616
S-RUS-UKR-TRANSL-OFFICIAL-32-147,S-RUS-UKR-TRANSL-OFFICIAL-32-147,rus_ukr,3-2,positive,3,True,True,"34976,39784 | 34976,39784 | 34976,39784"
S-RUS-UKR-TRANSL-OFFICIAL-32-148,S-RUS-UKR-TRANSL-OFFICIAL-32-148,rus_ukr,3-2,positive,3,True,True,48879 | 48879 | 48879
S-RUS-UKR-TRANSL-OFFICIAL-32-149,S-RUS-UKR-TRANSL-OFFICIAL-32-149,rus_ukr,3-2,positive,3,True,True,48879 | 48879 | 48879
S-RUS-UKR-TRANSL-OFFICIAL-32-150,S-RUS-UKR-TRANSL-OFFICIAL-32-150,rus_ukr,3-2,positive,3,True,True,22404 | 22404 | 22404
S-RUS-UKR-TRANSL-OFFICIAL-32-151,S-RUS-UKR-TRANSL-OFFICIAL-32-151,rus_ukr,3-2,positive,3,True,True,16667 | 16667 | 16667
S-RUS-UKR-TRANSL-OFFICIAL-32-152,S-RUS-UKR-TRANSL-OFFICIAL-32-152,rus_ukr,3-2,positive,3,True,True,40133 | 40133 | 40133
S-RUS-UKR-TRANSL-OFFICIAL-32-153,S-RUS-UKR-TRANSL-OFFICIAL-32-153,rus_ukr,3-2,positive,3,True,True,16601 | 16601 | 16601
S-RUS-UKR-TRANSL-OFFICIAL-32-154,S-RUS-UKR-TRANSL-OFFICIAL-32-154,rus_ukr,3-2,positive,3,True,True,35451 | 35451 | 35451
S-RUS-UKR-TRANSL-OFFICIAL-32-155,S-RUS-UKR-TRANSL-OFFICIAL-32-155,rus_ukr,3-2,positive,3,True,True,9762 | 9762 | 9762
S-RUS-UKR-TRANSL-OFFICIAL-32-156,S-RUS-UKR-TRANSL-OFFICIAL-32-156,rus_ukr,3-2,positive,3,True,True,36896 | 36896 | 36896
S-RUS-UKR-TRANSL-OFFICIAL-33-001,S-RUS-UKR-TRANSL-OFFICIAL-33-001,rus_ukr,3-3,positive,3,True,True,36763 | 36763 | 36763
S-RUS-UKR-TRANSL-OFFICIAL-33-002,S-RUS-UKR-TRANSL-OFFICIAL-33-002,rus_ukr,3-3,positive,3,True,True,44540 | 44540 | 44540
S-RUS-UKR-TRANSL-OFFICIAL-33-003,S-RUS-UKR-TRANSL-OFFICIAL-33-003,rus_ukr,3-3,positive,3,True,True,32745 | 32745 | 32745
S-RUS-UKR-TRANSL-OFFICIAL-33-004,S-RUS-UKR-TRANSL-OFFICIAL-33-004,rus_ukr,3-3,positive,3,True,True,37844 | 37844 | 37844
S-RUS-UKR-TRANSL-OFFICIAL-33-005,S-RUS-UKR-TRANSL-OFFICIAL-33-005,rus_ukr,3-3,positive,3,True,True,30517 | 30517 | 30517
S-RUS-UKR-TRANSL-OFFICIAL-33-006,S-RUS-UKR-TRANSL-OFFICIAL-33-006,rus_ukr,3-3,positive,3,True,True,50216 | 50216 | 50216
S-RUS-UKR-TRANSL-OFFICIAL-33-007,S-RUS-UKR-TRANSL-OFFICIAL-33-007,rus_ukr,3-3,positive,3,True,True,42196 | 42196 | 42196
S-RUS-UKR-TRANSL-OFFICIAL-33-008,S-RUS-UKR-TRANSL-OFFICIAL-33-008,rus_ukr,3-3,positive,3,True,True,35226 | 35226 | 35226
S-RUS-UKR-TRANSL-OFFICIAL-33-009,S-RUS-UKR-TRANSL-OFFICIAL-33-009,rus_ukr,3-3,positive,3,True,True,20920 | 20920 | 20920
S-RUS-UKR-TRANSL-OFFICIAL-33-010,S-RUS-UKR-TRANSL-OFFICIAL-33-010,rus_ukr,3-3,positive,3,True,True,35399 | 35399 | 35399
S-RUS-UKR-TRANSL-OFFICIAL-33-011,S-RUS-UKR-TRANSL-OFFICIAL-33-011,rus_ukr,3-3,positive,3,True,True,35414 | 35414 | 35414
S-RUS-UKR-TRANSL-OFFICIAL-33-012,S-RUS-UKR-TRANSL-OFFICIAL-33-012,rus_ukr,3-3,positive,3,True,True,45862 | 45862 | 45862
S-RUS-UKR-TRANSL-OFFICIAL-33-013,S-RUS-UKR-TRANSL-OFFICIAL-33-013,rus_ukr,3-3,positive,3,True,True,34577 | 34577 | 34577
S-RUS-UKR-TRANSL-OFFICIAL-33-014,S-RUS-UKR-TRANSL-OFFICIAL-33-014,rus_ukr,3-3,positive,3,True,True,37812 | 37812 | 37812
S-RUS-UKR-TRANSL-OFFICIAL-33-015,S-RUS-UKR-TRANSL-OFFICIAL-33-015,rus_ukr,3-3,positive,3,True,True,37853 | 37853 | 37853
S-RUS-UKR-TRANSL-OFFICIAL-33-016,S-RUS-UKR-TRANSL-OFFICIAL-33-016,rus_ukr,3-3,positive,3,True,True,37178 | 37178 | 37178
S-RUS-UKR-TRANSL-OFFICIAL-33-017,S-RUS-UKR-TRANSL-OFFICIAL-33-017,rus_ukr,3-3,positive,3,True,True,48774 | 48774 | 48774
S-RUS-UKR-TRANSL-OFFICIAL-33-018,S-RUS-UKR-TRANSL-OFFICIAL-33-018,rus_ukr,3-3,positive,3,True,True,37116 | 37116 | 37116
S-RUS-UKR-TRANSL-OFFICIAL-33-019,S-RUS-UKR-TRANSL-OFFICIAL-33-019,rus_ukr,3-3,positive,3,True,True,50272 | 50272 | 50272
S-RUS-UKR-TRANSL-OFFICIAL-33-020,S-RUS-UKR-TRANSL-OFFICIAL-33-020,rus_ukr,3-3,positive,3,True,True,39215 | 39215 | 39215
S-RUS-UKR-TRANSL-OFFICIAL-33-021,S-RUS-UKR-TRANSL-OFFICIAL-33-021,rus_ukr,3-3,positive,3,True,True,50230 | 50230 | 50230
S-RUS-UKR-TRANSL-OFFICIAL-33-022,S-RUS-UKR-TRANSL-OFFICIAL-33-022,rus_ukr,3-3,positive,3,True,True,35463 | 35463 | 35463
S-RUS-UKR-TRANSL-OFFICIAL-33-023,S-RUS-UKR-TRANSL-OFFICIAL-33-023,rus_ukr,3-3,positive,3,True,True,51948 | 51948 | 51948
S-RUS-UKR-TRANSL-OFFICIAL-33-024,S-RUS-UKR-TRANSL-OFFICIAL-33-024,rus_ukr,3-3,positive,3,True,True,45702 | 45702 | 45702
S-RUS-UKR-TRANSL-OFFICIAL-33-025,S-RUS-UKR-TRANSL-OFFICIAL-33-025,rus_ukr,3-3,positive,3,True,True,31454 | 31454 | 31454
S-RUS-UKR-TRANSL-OFFICIAL-33-026,S-RUS-UKR-TRANSL-OFFICIAL-33-026,rus_ukr,3-3,positive,3,True,True,35610 | 35610 | 35610
S-RUS-UKR-TRANSL-OFFICIAL-33-027,S-RUS-UKR-TRANSL-OFFICIAL-33-027,rus_ukr,3-3,positive,3,True,True,35013 | 35013 | 35013
S-RUS-UKR-TRANSL-OFFICIAL-33-028,S-RUS-UKR-TRANSL-OFFICIAL-33-028,rus_ukr,3-3,positive,3,True,True,51852 | 51852 | 51852
S-RUS-UKR-TRANSL-OFFICIAL-33-029,S-RUS-UKR-TRANSL-OFFICIAL-33-029,rus_ukr,3-3,positive,3,True,True,50404 | 50404 | 50404
S-RUS-UKR-TRANSL-OFFICIAL-33-030,S-RUS-UKR-TRANSL-OFFICIAL-33-030,rus_ukr,3-3,positive,3,True,True,35501 | 35501 | 35501
S-RUS-UKR-TRANSL-OFFICIAL-33-031,S-RUS-UKR-TRANSL-OFFICIAL-33-031,rus_ukr,3-3,positive,3,True,True,34658 | 34658 | 34658
S-RUS-UKR-TRANSL-OFFICIAL-33-032,S-RUS-UKR-TRANSL-OFFICIAL-33-032,rus_ukr,3-3,positive,3,True,True,37003 | 37003 | 37003
S-RUS-UKR-TRANSL-OFFICIAL-33-033,S-RUS-UKR-TRANSL-OFFICIAL-33-033,rus_ukr,3-3,positive,3,True,True,48767 | 48767 | 48767
S-RUS-UKR-TRANSL-OFFICIAL-33-034,S-RUS-UKR-TRANSL-OFFICIAL-33-034,rus_ukr,3-3,positive,3,True,True,36793 | 36793 | 36793
S-RUS-UKR-TRANSL-OFFICIAL-33-035,S-RUS-UKR-TRANSL-OFFICIAL-33-035,rus_ukr,3-3,positive,3,True,True,38078 | 38078 | 38078
S-RUS-UKR-TRANSL-OFFICIAL-33-036,S-RUS-UKR-TRANSL-OFFICIAL-33-036,rus_ukr,3-3,positive,3,True,True,36792 | 36792 | 36792
S-RUS-UKR-TRANSL-OFFICIAL-33-037,S-RUS-UKR-TRANSL-OFFICIAL-33-037,rus_ukr,3-3,positive,3,True,True,35603 | 35603 | 35603
S-RUS-UKR-TRANSL-OFFICIAL-33-038,S-RUS-UKR-TRANSL-OFFICIAL-33-038,rus_ukr,3-3,positive,3,True,True,36786 | 36786 | 36786
S-RUS-UKR-TRANSL-OFFICIAL-33-039,S-RUS-UKR-TRANSL-OFFICIAL-33-039,rus_ukr,3-3,positive,3,True,True,9761 | 9761 | 9761
S-RUS-UKR-TRANSL-OFFICIAL-33-040,S-RUS-UKR-TRANSL-OFFICIAL-33-040,rus_ukr,3-3,positive,3,True,True,36798 | 36798 | 36798
S-RUS-UKR-TRANSL-OFFICIAL-33-041,S-RUS-UKR-TRANSL-OFFICIAL-33-041,rus_ukr,3-3,positive,3,True,True,35630 | 35630 | 35630
S-RUS-UKR-TRANSL-OFFICIAL-33-042,S-RUS-UKR-TRANSL-OFFICIAL-33-042,rus_ukr,3-3,positive,3,True,True,35620 | 35620 | 35620
S-RUS-UKR-TRANSL-OFFICIAL-33-043,S-RUS-UKR-TRANSL-OFFICIAL-33-043,rus_ukr,3-3,positive,3,True,True,41439 | 41439 | 41439
S-RUS-UKR-TRANSL-OFFICIAL-33-044,S-RUS-UKR-TRANSL-OFFICIAL-33-044,rus_ukr,3-3,positive,3,True,True,22411 | 22411 | 22411
S-RUS-UKR-TRANSL-OFFICIAL-33-045,S-RUS-UKR-TRANSL-OFFICIAL-33-045,rus_ukr,3-3,positive,3,True,True,31950 | 31950 | 31950
S-RUS-UKR-TRANSL-OFFICIAL-33-046,S-RUS-UKR-TRANSL-OFFICIAL-33-046,rus_ukr,3-3,positive,3,True,True,36996 | 36996 | 36996
S-RUS-UKR-TRANSL-OFFICIAL-33-047,S-RUS-UKR-TRANSL-OFFICIAL-33-047,rus_ukr,3-3,positive,3,True,True,35639 | 35639 | 35639
S-RUS-UKR-TRANSL-OFFICIAL-33-048,S-RUS-UKR-TRANSL-OFFICIAL-33-048,rus_ukr,3-3,positive,3,True,True,30545 | 30545 | 30545
S-RUS-UKR-TRANSL-OFFICIAL-33-049,S-RUS-UKR-TRANSL-OFFICIAL-33-049,rus_ukr,3-3,positive,3,True,True,44882 | 44882 | 44882
S-RUS-UKR-TRANSL-OFFICIAL-33-050,S-RUS-UKR-TRANSL-OFFICIAL-33-050,rus_ukr,3-3,positive,3,True,True,37841 | 37841 | 37841
S-RUS-UKR-TRANSL-OFFICIAL-33-051,S-RUS-UKR-TRANSL-OFFICIAL-33-051,rus_ukr,3-3,positive,3,True,True,37328 | 37328 | 37328
S-RUS-UKR-TRANSL-OFFICIAL-33-052,S-RUS-UKR-TRANSL-OFFICIAL-33-052,rus_ukr,3-3,positive,3,True,True,41050 | 41050 | 41050
S-RUS-UKR-TRANSL-OFFICIAL-33-053,S-RUS-UKR-TRANSL-OFFICIAL-33-053,rus_ukr,3-3,positive,3,True,True,39212 | 39212 | 39212
S-RUS-UKR-TRANSL-OFFICIAL-33-054,S-RUS-UKR-TRANSL-OFFICIAL-33-054,rus_ukr,3-3,positive,3,True,True,40119 | 40119 | 40119
S-RUS-UKR-TRANSL-OFFICIAL-33-055,S-RUS-UKR-TRANSL-OFFICIAL-33-055,rus_ukr,3-3,positive,3,True,True,35242 | 35242 | 35242
S-RUS-UKR-TRANSL-OFFICIAL-33-056,S-RUS-UKR-TRANSL-OFFICIAL-33-056,rus_ukr,3-3,positive,3,True,True,36809 | 36809 | 36809
S-RUS-UKR-TRANSL-OFFICIAL-33-057,S-RUS-UKR-TRANSL-OFFICIAL-33-057,rus_ukr,3-3,positive,3,True,True,16949 | 16949 | 16949
S-RUS-UKR-TRANSL-OFFICIAL-33-058,S-RUS-UKR-TRANSL-OFFICIAL-33-058,rus_ukr,3-3,positive,3,True,True,36803 | 36803 | 36803
S-RUS-UKR-TRANSL-OFFICIAL-33-059,S-RUS-UKR-TRANSL-OFFICIAL-33-059,rus_ukr,3-3,positive,3,True,True,36483 | 36483 | 36483
S-RUS-UKR-TRANSL-OFFICIAL-33-060,S-RUS-UKR-TRANSL-OFFICIAL-33-060,rus_ukr,3-3,positive,3,True,True,37335 | 37335 | 37335
S-RUS-UKR-TRANSL-OFFICIAL-33-061,S-RUS-UKR-TRANSL-OFFICIAL-33-061,rus_ukr,3-3,positive,3,True,True,37337 | 37337 | 37337
S-RUS-UKR-TRANSL-OFFICIAL-33-062,S-RUS-UKR-TRANSL-OFFICIAL-33-062,rus_ukr,3-3,positive,3,True,True,37729 | 37729 | 37729
S-RUS-UKR-TRANSL-OFFICIAL-33-063,S-RUS-UKR-TRANSL-OFFICIAL-33-063,rus_ukr,3-3,positive,3,True,True,36480 | 36480 | 36480
S-RUS-UKR-TRANSL-OFFICIAL-33-064,S-RUS-UKR-TRANSL-OFFICIAL-33-064,rus_ukr,3-3,positive,3,True,True,51957 | 51957 | 51957
S-RUS-UKR-TRANSL-OFFICIAL-33-065,S-RUS-UKR-TRANSL-OFFICIAL-33-065,rus_ukr,3-3,positive,3,True,True,35672 | 35672 | 35672
S-RUS-UKR-TRANSL-OFFICIAL-33-066,S-RUS-UKR-TRANSL-OFFICIAL-33-066,rus_ukr,3-3,positive,3,True,True,35676 | 35676 | 35676
S-RUS-UKR-TRANSL-OFFICIAL-33-067,S-RUS-UKR-TRANSL-OFFICIAL-33-067,rus_ukr,3-3,positive,3,True,True,40572 | 40572 | 40572
S-RUS-UKR-TRANSL-OFFICIAL-33-068,S-RUS-UKR-TRANSL-OFFICIAL-33-068,rus_ukr,3-3,positive,3,True,True,37340 | 37340 | 37340
S-RUS-UKR-TRANSL-OFFICIAL-33-069,S-RUS-UKR-TRANSL-OFFICIAL-33-069,rus_ukr,3-3,positive,3,True,True,44142 | 44142 | 44142
S-RUS-UKR-TRANSL-OFFICIAL-33-070,S-RUS-UKR-TRANSL-OFFICIAL-33-070,rus_ukr,3-3,positive,3,True,True,44142 | 44142 | 44142
S-RUS-UKR-TRANSL-OFFICIAL-33-071,S-RUS-UKR-TRANSL-OFFICIAL-33-071,rus_ukr,3-3,positive,3,True,True,35398 | 35398 | 35398
S-RUS-UKR-TRANSL-OFFICIAL-33-072,S-RUS-UKR-TRANSL-OFFICIAL-33-072,rus_ukr,3-3,positive,3,True,True,33401 | 33401 | 33401
S-RUS-UKR-TRANSL-OFFICIAL-33-073,S-RUS-UKR-TRANSL-OFFICIAL-33-073,rus_ukr,3-3,positive,3,True,True,38616 | 38616 | 38616
S-RUS-UKR-TRANSL-OFFICIAL-33-074,S-RUS-UKR-TRANSL-OFFICIAL-33-074,rus_ukr,3-3,positive,3,True,True,41051 | 41051 | 41051
S-RUS-UKR-TRANSL-OFFICIAL-33-075,S-RUS-UKR-TRANSL-OFFICIAL-33-075,rus_ukr,3-3,positive,3,True,True,16670 | 16670 | 16670
S-RUS-UKR-TRANSL-OFFICIAL-33-076,S-RUS-UKR-TRANSL-OFFICIAL-33-076,rus_ukr,3-3,positive,3,True,True,50973 | 50973 | 50973
S-RUS-UKR-TRANSL-OFFICIAL-33-077,S-RUS-UKR-TRANSL-OFFICIAL-33-077,rus_ukr,3-3,positive,3,True,True,36829 | 36829 | 36829
S-RUS-UKR-TRANSL-OFFICIAL-33-078,S-RUS-UKR-TRANSL-OFFICIAL-33-078,rus_ukr,3-3,positive,3,True,True,35766 | 35766 | 35766
S-RUS-UKR-TRANSL-OFFICIAL-33-079,S-RUS-UKR-TRANSL-OFFICIAL-33-079,rus_ukr,3-3,positive,3,True,True,40661 | 40661 | 40661
S-RUS-UKR-TRANSL-OFFICIAL-33-080,S-RUS-UKR-TRANSL-OFFICIAL-33-080,rus_ukr,3-3,positive,3,True,True,36836 | 36836 | 36836
S-RUS-UKR-TRANSL-OFFICIAL-33-081,S-RUS-UKR-TRANSL-OFFICIAL-33-081,rus_ukr,3-3,positive,3,True,True,40240 | 40240 | 40240
S-RUS-UKR-TRANSL-OFFICIAL-33-082,S-RUS-UKR-TRANSL-OFFICIAL-33-082,rus_ukr,3-3,positive,3,True,True,50603 | 50603 | 50603
S-RUS-UKR-TRANSL-OFFICIAL-33-083,S-RUS-UKR-TRANSL-OFFICIAL-33-083,rus_ukr,3-3,positive,3,True,True,36837 | 36837 | 36837
S-RUS-UKR-TRANSL-OFFICIAL-33-084,S-RUS-UKR-TRANSL-OFFICIAL-33-084,rus_ukr,3-3,positive,3,True,True,47779 | 47779 | 47779
S-RUS-UKR-TRANSL-OFFICIAL-33-085,S-RUS-UKR-TRANSL-OFFICIAL-33-085,rus_ukr,3-3,positive,3,True,True,35691 | 35691 | 35691
S-RUS-UKR-TRANSL-OFFICIAL-33-086,S-RUS-UKR-TRANSL-OFFICIAL-33-086,rus_ukr,3-3,positive,3,True,True,35421 | 35421 | 35421
S-RUS-UKR-TRANSL-OFFICIAL-33-087,S-RUS-UKR-TRANSL-OFFICIAL-33-087,rus_ukr,3-3,positive,3,True,True,37177 | 37177 | 37177
S-RUS-UKR-TRANSL-OFFICIAL-33-088,S-RUS-UKR-TRANSL-OFFICIAL-33-088,rus_ukr,3-3,positive,3,True,True,38799 | 38799 | 38799
S-RUS-UKR-TRANSL-OFFICIAL-33-089,S-RUS-UKR-TRANSL-OFFICIAL-33-089,rus_ukr,3-3,positive,3,True,True,48855 | 48855 | 48855
S-RUS-UKR-TRANSL-OFFICIAL-33-090,S-RUS-UKR-TRANSL-OFFICIAL-33-090,rus_ukr,3-3,positive,3,True,True,35027 | 35027 | 35027
S-RUS-UKR-TRANSL-OFFICIAL-33-091,S-RUS-UKR-TRANSL-OFFICIAL-33-091,rus_ukr,3-3,positive,3,True,True,31671 | 31671 | 31671
S-RUS-UKR-TRANSL-OFFICIAL-33-092,S-RUS-UKR-TRANSL-OFFICIAL-33-092,rus_ukr,3-3,positive,3,True,True,35404 | 35404 | 35404
S-RUS-UKR-TRANSL-OFFICIAL-33-093,S-RUS-UKR-TRANSL-OFFICIAL-33-093,rus_ukr,3-3,positive,3,True,True,37363 | 37363 | 37363
S-RUS-UKR-TRANSL-OFFICIAL-33-094,S-RUS-UKR-TRANSL-OFFICIAL-33-094,rus_ukr,3-3,positive,3,True,True,42874 | 42874 | 42874
S-RUS-UKR-TRANSL-OFFICIAL-33-095,S-RUS-UKR-TRANSL-OFFICIAL-33-095,rus_ukr,3-3,positive,3,True,True,42874 | 42874 | 42874
S-RUS-UKR-TRANSL-OFFICIAL-33-096,S-RUS-UKR-TRANSL-OFFICIAL-33-096,rus_ukr,3-3,positive,3,True,True,42874 | 42874 | 42874
S-RUS-UKR-TRANSL-OFFICIAL-33-097,S-RUS-UKR-TRANSL-OFFICIAL-33-097,rus_ukr,3-3,positive,3,True,True,35715 | 35715 | 35715
S-RUS-UKR-TRANSL-OFFICIAL-33-098,S-RUS-UKR-TRANSL-OFFICIAL-33-098,rus_ukr,3-3,positive,3,True,True,36957 | 36957 | 36957
S-RUS-UKR-TRANSL-OFFICIAL-33-099,S-RUS-UKR-TRANSL-OFFICIAL-33-099,rus_ukr,3-3,positive,3,True,True,36054 | 36054 | 36054
S-RUS-UKR-TRANSL-OFFICIAL-33-100,S-RUS-UKR-TRANSL-OFFICIAL-33-100,rus_ukr,3-3,positive,3,True,True,16673 | 16673 | 16673
S-RUS-UKR-TRANSL-OFFICIAL-33-101,S-RUS-UKR-TRANSL-OFFICIAL-33-101,rus_ukr,3-3,positive,3,True,True,39208 | 39208 | 39208
S-RUS-UKR-TRANSL-OFFICIAL-33-102,S-RUS-UKR-TRANSL-OFFICIAL-33-102,rus_ukr,3-3,positive,3,True,True,35530 | 35530 | 35530
S-RUS-UKR-TRANSL-OFFICIAL-33-103,S-RUS-UKR-TRANSL-OFFICIAL-33-103,rus_ukr,3-3,positive,3,True,True,35781 | 35781 | 35781
S-RUS-UKR-TRANSL-OFFICIAL-33-104,S-RUS-UKR-TRANSL-OFFICIAL-33-104,rus_ukr,3-3,positive,3,True,True,43538 | 43538 | 43538
S-RUS-UKR-TRANSL-OFFICIAL-33-105,S-RUS-UKR-TRANSL-OFFICIAL-33-105,rus_ukr,3-3,positive,3,True,True,35528 | 35528 | 35528
S-RUS-UKR-TRANSL-OFFICIAL-33-106,S-RUS-UKR-TRANSL-OFFICIAL-33-106,rus_ukr,3-3,positive,3,True,True,52260 | 52260 | 52260
S-RUS-UKR-TRANSL-OFFICIAL-33-107,S-RUS-UKR-TRANSL-OFFICIAL-33-107,rus_ukr,3-3,positive,3,True,True,50233 | 50233 | 50233
S-RUS-UKR-TRANSL-OFFICIAL-33-108,S-RUS-UKR-TRANSL-OFFICIAL-33-108,rus_ukr,3-3,positive,3,True,True,48859 | 48859 | 48859
S-RUS-UKR-TRANSL-OFFICIAL-33-109,S-RUS-UKR-TRANSL-OFFICIAL-33-109,rus_ukr,3-3,positive,3,True,True,16692 | 16692 | 16692
S-RUS-UKR-TRANSL-OFFICIAL-33-110,S-RUS-UKR-TRANSL-OFFICIAL-33-110,rus_ukr,3-3,positive,3,True,True,43094 | 43094 | 43094
S-RUS-UKR-TRANSL-OFFICIAL-33-111,S-RUS-UKR-TRANSL-OFFICIAL-33-111,rus_ukr,3-3,positive,3,True,True,43094 | 43094 | 43094
S-RUS-UKR-TRANSL-OFFICIAL-33-112,S-RUS-UKR-TRANSL-OFFICIAL-33-112,rus_ukr,3-3,positive,3,True,True,37733 | 37733 | 37733
S-RUS-UKR-TRANSL-OFFICIAL-33-113,S-RUS-UKR-TRANSL-OFFICIAL-33-113,rus_ukr,3-3,positive,3,True,True,35484 | 35484 | 35484
S-RUS-UKR-TRANSL-OFFICIAL-33-114,S-RUS-UKR-TRANSL-OFFICIAL-33-114,rus_ukr,3-3,positive,3,True,True,36865 | 36865 | 36865
S-RUS-UKR-TRANSL-OFFICIAL-33-115,S-RUS-UKR-TRANSL-OFFICIAL-33-115,rus_ukr,3-3,positive,3,True,True,46549 | 46549 | 46549
S-RUS-UKR-TRANSL-OFFICIAL-33-116,S-RUS-UKR-TRANSL-OFFICIAL-33-116,rus_ukr,3-3,positive,3,True,True,35173 | 35173 | 35173
S-RUS-UKR-TRANSL-OFFICIAL-33-117,S-RUS-UKR-TRANSL-OFFICIAL-33-117,rus_ukr,3-3,positive,3,True,True,49515 | 49515 | 49515
S-RUS-UKR-TRANSL-OFFICIAL-33-118,S-RUS-UKR-TRANSL-OFFICIAL-33-118,rus_ukr,3-3,positive,3,True,True,46784 | 46784 | 46784
S-RUS-UKR-TRANSL-OFFICIAL-33-119,S-RUS-UKR-TRANSL-OFFICIAL-33-119,rus_ukr,3-3,positive,3,True,True,32751 | 32751 | 32751
S-RUS-UKR-TRANSL-OFFICIAL-33-120,S-RUS-UKR-TRANSL-OFFICIAL-33-120,rus_ukr,3-3,positive,3,True,True,35393 | 35393 | 35393
S-RUS-UKR-TRANSL-OFFICIAL-33-121,S-RUS-UKR-TRANSL-OFFICIAL-33-121,rus_ukr,3-3,positive,3,True,True,41001 | 41001 | 41001
S-RUS-UKR-TRANSL-OFFICIAL-33-122,S-RUS-UKR-TRANSL-OFFICIAL-33-122,rus_ukr,3-3,positive,3,True,True,35521 | 35521 | 35521
S-RUS-UKR-TRANSL-OFFICIAL-33-123,S-RUS-UKR-TRANSL-OFFICIAL-33-123,rus_ukr,3-3,positive,3,True,True,16710 | 16710 | 16710
S-RUS-UKR-TRANSL-OFFICIAL-33-124,S-RUS-UKR-TRANSL-OFFICIAL-33-124,rus_ukr,3-3,positive,3,True,True,10138 | 10138 | 10138
S-RUS-UKR-TRANSL-OFFICIAL-33-125,S-RUS-UKR-TRANSL-OFFICIAL-33-125,rus_ukr,3-3,positive,3,True,True,35517 | 35517 | 35517
S-RUS-UKR-TRANSL-OFFICIAL-33-126,S-RUS-UKR-TRANSL-OFFICIAL-33-126,rus_ukr,3-3,positive,3,True,True,45913 | 45913 | 45913
S-RUS-UKR-TRANSL-OFFICIAL-33-127,S-RUS-UKR-TRANSL-OFFICIAL-33-127,rus_ukr,3-3,positive,3,True,True,36478 | 36478 | 36478
S-RUS-UKR-TRANSL-OFFICIAL-33-128,S-RUS-UKR-TRANSL-OFFICIAL-33-128,rus_ukr,3-3,positive,3,True,True,35413 | 35413 | 35413
S-RUS-UKR-TRANSL-OFFICIAL-33-129,S-RUS-UKR-TRANSL-OFFICIAL-33-129,rus_ukr,3-3,positive,3,True,True,16655 | 16655 | 16655
S-RUS-UKR-TRANSL-OFFICIAL-33-130,S-RUS-UKR-TRANSL-OFFICIAL-33-130,rus_ukr,3-3,positive,3,True,True,41055 | 41055 | 41055
S-RUS-UKR-TRANSL-OFFICIAL-33-131,S-RUS-UKR-TRANSL-OFFICIAL-33-131,rus_ukr,3-3,positive,3,True,True,45821 | 45821 | 45821
S-RUS-UKR-TRANSL-OFFICIAL-33-132,S-RUS-UKR-TRANSL-OFFICIAL-33-132,rus_ukr,3-3,positive,3,True,True,35442 | 35442 | 35442
S-RUS-UKR-TRANSL-OFFICIAL-33-133,S-RUS-UKR-TRANSL-OFFICIAL-33-133,rus_ukr,3-3,positive,3,True,True,45060 | 45060 | 45060
S-RUS-UKR-TRANSL-OFFICIAL-33-134,S-RUS-UKR-TRANSL-OFFICIAL-33-134,rus_ukr,3-3,positive,3,True,True,33023 | 33023 | 33023
S-RUS-UKR-TRANSL-OFFICIAL-33-135,S-RUS-UKR-TRANSL-OFFICIAL-33-135,rus_ukr,3-3,positive,3,True,True,35511 | 35511 | 35511
S-RUS-UKR-TRANSL-OFFICIAL-33-136,S-RUS-UKR-TRANSL-OFFICIAL-33-136,rus_ukr,3-3,positive,3,True,True,41037 | 41037 | 41037
S-RUS-UKR-TRANSL-OFFICIAL-33-137,S-RUS-UKR-TRANSL-OFFICIAL-33-137,rus_ukr,3-3,positive,3,True,True,40244 | 40244 | 40244
S-RUS-UKR-TRANSL-OFFICIAL-33-138,S-RUS-UKR-TRANSL-OFFICIAL-33-138,rus_ukr,3-3,positive,3,True,True,35505 | 35505 | 35505
S-RUS-UKR-TRANSL-OFFICIAL-33-139,S-RUS-UKR-TRANSL-OFFICIAL-33-139,rus_ukr,3-3,positive,3,True,True,26723 | 26723 | 26723
S-RUS-UKR-TRANSL-OFFICIAL-33-140,S-RUS-UKR-TRANSL-OFFICIAL-33-140,rus_ukr,3-3,positive,3,True,True,47787 | 47787 | 47787
S-RUS-UKR-TRANSL-OFFICIAL-33-141,S-RUS-UKR-TRANSL-OFFICIAL-33-141,rus_ukr,3-3,positive,3,True,True,38158 | 38158 | 38158
S-RUS-UKR-TRANSL-OFFICIAL-33-142,S-RUS-UKR-TRANSL-OFFICIAL-33-142,rus_ukr,3-3,positive,3,True,True,36884 | 36884 | 36884
S-RUS-UKR-TRANSL-OFFICIAL-33-143,S-RUS-UKR-TRANSL-OFFICIAL-33-143,rus_ukr,3-3,positive,3,True,True,35580 | 35580 | 35580
S-RUS-UKR-TRANSL-OFFICIAL-33-144,S-RUS-UKR-TRANSL-OFFICIAL-33-144,rus_ukr,3-3,positive,3,True,True,35580 | 35580 | 35580
S-RUS-UKR-TRANSL-OFFICIAL-33-145,S-RUS-UKR-TRANSL-OFFICIAL-33-145,rus_ukr,3-3,positive,3,True,True,37303 | 37303 | 37303
S-RUS-UKR-TRANSL-OFFICIAL-33-146,S-RUS-UKR-TRANSL-OFFICIAL-33-146,rus_ukr,3-3,positive,3,True,True,52616 | 52616 | 52616
S-RUS-UKR-TRANSL-OFFICIAL-33-147,S-RUS-UKR-TRANSL-OFFICIAL-33-147,rus_ukr,3-3,positive,3,True,True,34976 | 34976 | 34976
S-RUS-UKR-TRANSL-OFFICIAL-33-148,S-RUS-UKR-TRANSL-OFFICIAL-33-148,rus_ukr,3-3,positive,3,True,True,48879 | 48879 | 48879
S-RUS-UKR-TRANSL-OFFICIAL-33-149,S-RUS-UKR-TRANSL-OFFICIAL-33-149,rus_ukr,3-3,positive,3,True,True,48879 | 48879 | 48879
S-RUS-UKR-TRANSL-OFFICIAL-33-150,S-RUS-UKR-TRANSL-OFFICIAL-33-150,rus_ukr,3-3,positive,3,True,True,22404 | 22404 | 22404
S-RUS-UKR-TRANSL-OFFICIAL-33-151,S-RUS-UKR-TRANSL-OFFICIAL-33-151,rus_ukr,3-3,positive,3,True,True,16667 | 16667 | 16667
S-RUS-UKR-TRANSL-OFFICIAL-33-152,S-RUS-UKR-TRANSL-OFFICIAL-33-152,rus_ukr,3-3,positive,3,True,True,40133 | 40133 | 40133
S-RUS-UKR-TRANSL-OFFICIAL-33-153,S-RUS-UKR-TRANSL-OFFICIAL-33-153,rus_ukr,3-3,positive,3,True,True,16601 | 16601 | 16601
S-RUS-UKR-TRANSL-OFFICIAL-33-154,S-RUS-UKR-TRANSL-OFFICIAL-33-154,rus_ukr,3-3,positive,3,True,True,35451 | 35451 | 35451
S-RUS-UKR-TRANSL-OFFICIAL-33-155,S-RUS-UKR-TRANSL-OFFICIAL-33-155,rus_ukr,3-3,positive,3,True,True,9762 | 9762 | 9762
S-RUS-UKR-TRANSL-OFFICIAL-33-156,S-RUS-UKR-TRANSL-OFFICIAL-33-156,rus_ukr,3-3,positive,3,True,True,36896 | 36896 | 36896
